region,age_group,sex,smoking,diabetes,sbp_group,cholesterol_group,risk_percentage
South Asia,70-74,Male,Non-smoker,No,≥180,<4,22
South Asia,70-74,Male,Non-smoker,No,≥180,4-4.9,24
South Asia,70-74,Male,Non-smoker,No,≥180,5-5.9,27
South Asia,70-74,Male,Non-smoker,No,≥180,6-6.9,30
South Asia,70-74,Male,Non-smoker,No,≥180,>=7,33
South Asia,70-74,Male,Smoker,No,≥180,<4,28
South Asia,70-74,Male,Smoker,No,≥180,4-4.9,31
South Asia,70-74,Male,Smoker,No,≥180,5-5.9,34
South Asia,70-74,Male,Smoker,No,≥180,6-6.9,37
South Asia,70-74,Male,Smoker,No,≥180,>=7,41
South Asia,70-74,Female,Non-smoker,No,≥180,<4,18
South Asia,70-74,Female,Non-smoker,No,≥180,4-4.9,19
South Asia,70-74,Female,Non-smoker,No,≥180,5-5.9,20
South Asia,70-74,Female,Non-smoker,No,≥180,6-6.9,21
South Asia,70-74,Female,Non-smoker,No,≥180,>=7,22
South Asia,70-74,Female,Smoker,No,≥180,<4,25
South Asia,70-74,Female,Smoker,No,≥180,4-4.9,26
South Asia,70-74,Female,Smoker,No,≥180,5-5.9,28
South Asia,70-74,Female,Smoker,No,≥180,6-6.9,29
South Asia,70-74,Female,Smoker,No,≥180,>=7,30
South Asia,70-74,Male,Non-smoker,Yes,≥180,<4,30
South Asia,70-74,Male,Non-smoker,Yes,≥180,4-4.9,33
South Asia,70-74,Male,Non-smoker,Yes,≥180,5-5.9,36
South Asia,70-74,Male,Non-smoker,Yes,≥180,6-6.9,40
South Asia,70-74,Male,Non-smoker,Yes,≥180,>=7,44
South Asia,70-74,Male,Smoker,Yes,≥180,<4,37
South Asia,70-74,Male,Smoker,Yes,≥180,4-4.9,41
South Asia,70-74,Male,Smoker,Yes,≥180,5-5.9,45
South Asia,70-74,Male,Smoker,Yes,≥180,6-6.9,50
South Asia,70-74,Male,Smoker,Yes,≥180,>=7,54
South Asia,70-74,Female,Non-smoker,Yes,≥180,<4,27
South Asia,70-74,Female,Non-smoker,Yes,≥180,4-4.9,28
South Asia,70-74,Female,Non-smoker,Yes,≥180,5-5.9,29
South Asia,70-74,Female,Non-smoker,Yes,≥180,6-6.9,31
South Asia,70-74,Female,Non-smoker,Yes,≥180,>=7,33
South Asia,70-74,Female,Smoker,Yes,≥180,<4,36
South Asia,70-74,Female,Smoker,Yes,≥180,4-4.9,38
South Asia,70-74,Female,Smoker,Yes,≥180,5-5.9,40
South Asia,70-74,Female,Smoker,Yes,≥180,6-6.9,42
South Asia,70-74,Female,Smoker,Yes,≥180,>=7,44
South Asia,70-74,Male,Non-smoker,No,160-179,<4,18
South Asia,70-74,Male,Non-smoker,No,160-179,4-4.9,20
South Asia,70-74,Male,Non-smoker,No,160-179,5-5.9,23
South Asia,70-74,Male,Non-smoker,No,160-179,6-6.9,25
South Asia,70-74,Male,Non-smoker,No,160-179,>=7,28
South Asia,70-74,Male,Smoker,No,160-179,<4,23
South Asia,70-74,Male,Smoker,No,160-179,4-4.9,26
South Asia,70-74,Male,Smoker,No,160-179,5-5.9,28
South Asia,70-74,Male,Smoker,No,160-179,6-6.9,31
South Asia,70-74,Male,Smoker,No,160-179,>=7,35
South Asia,70-74,Female,Non-smoker,No,160-179,<4,15
South Asia,70-74,Female,Non-smoker,No,160-179,4-4.9,16
South Asia,70-74,Female,Non-smoker,No,160-179,5-5.9,17
South Asia,70-74,Female,Non-smoker,No,160-179,6-6.9,18
South Asia,70-74,Female,Non-smoker,No,160-179,>=7,19
South Asia,70-74,Female,Smoker,No,160-179,<4,21
South Asia,70-74,Female,Smoker,No,160-179,4-4.9,22
South Asia,70-74,Female,Smoker,No,160-179,5-5.9,24
South Asia,70-74,Female,Smoker,No,160-179,6-6.9,25
South Asia,70-74,Female,Smoker,No,160-179,>=7,26
South Asia,70-74,Male,Non-smoker,Yes,160-179,<4,25
South Asia,70-74,Male,Non-smoker,Yes,160-179,4-4.9,28
South Asia,70-74,Male,Non-smoker,Yes,160-179,5-5.9,31
South Asia,70-74,Male,Non-smoker,Yes,160-179,6-6.9,34
South Asia,70-74,Male,Non-smoker,Yes,160-179,>=7,38
South Asia,70-74,Male,Smoker,Yes,160-179,<4,32
South Asia,70-74,Male,Smoker,Yes,160-179,4-4.9,35
South Asia,70-74,Male,Smoker,Yes,160-179,5-5.9,39
South Asia,70-74,Male,Smoker,Yes,160-179,6-6.9,43
South Asia,70-74,Male,Smoker,Yes,160-179,>=7,47
South Asia,70-74,Female,Non-smoker,Yes,160-179,<4,23
South Asia,70-74,Female,Non-smoker,Yes,160-179,4-4.9,24
South Asia,70-74,Female,Non-smoker,Yes,160-179,5-5.9,25
South Asia,70-74,Female,Non-smoker,Yes,160-179,6-6.9,27
South Asia,70-74,Female,Non-smoker,Yes,160-179,>=7,28
South Asia,70-74,Female,Smoker,Yes,160-179,<4,31
South Asia,70-74,Female,Smoker,Yes,160-179,4-4.9,33
South Asia,70-74,Female,Smoker,Yes,160-179,5-5.9,35
South Asia,70-74,Female,Smoker,Yes,160-179,6-6.9,36
South Asia,70-74,Female,Smoker,Yes,160-179,>=7,38
South Asia,70-74,Male,Non-smoker,No,140-159,<4,15
South Asia,70-74,Male,Non-smoker,No,140-159,4-4.9,17
South Asia,70-74,Male,Non-smoker,No,140-159,5-5.9,19
South Asia,70-74,Male,Non-smoker,No,140-159,6-6.9,21
South Asia,70-74,Male,Non-smoker,No,140-159,>=7,23
South Asia,70-74,Male,Smoker,No,140-159,<4,19
South Asia,70-74,Male,Smoker,No,140-159,4-4.9,21
South Asia,70-74,Male,Smoker,No,140-159,5-5.9,24
South Asia,70-74,Male,Smoker,No,140-159,6-6.9,27
South Asia,70-74,Male,Smoker,No,140-159,>=7,29
South Asia,70-74,Female,Non-smoker,No,140-159,<4,13
South Asia,70-74,Female,Non-smoker,No,140-159,4-4.9,14
South Asia,70-74,Female,Non-smoker,No,140-159,5-5.9,14
South Asia,70-74,Female,Non-smoker,No,140-159,6-6.9,15
South Asia,70-74,Female,Non-smoker,No,140-159,>=7,16
South Asia,70-74,Female,Smoker,No,140-159,<4,18
South Asia,70-74,Female,Smoker,No,140-159,4-4.9,19
South Asia,70-74,Female,Smoker,No,140-159,5-5.9,20
South Asia,70-74,Female,Smoker,No,140-159,6-6.9,21
South Asia,70-74,Female,Smoker,No,140-159,>=7,22
South Asia,70-74,Male,Non-smoker,Yes,140-159,<4,21
South Asia,70-74,Male,Non-smoker,Yes,140-159,4-4.9,23
South Asia,70-74,Male,Non-smoker,Yes,140-159,5-5.9,26
South Asia,70-74,Male,Non-smoker,Yes,140-159,6-6.9,29
South Asia,70-74,Male,Non-smoker,Yes,140-159,>=7,32
South Asia,70-74,Male,Smoker,Yes,140-159,<4,27
South Asia,70-74,Male,Smoker,Yes,140-159,4-4.9,30
South Asia,70-74,Male,Smoker,Yes,140-159,5-5.9,33
South Asia,70-74,Male,Smoker,Yes,140-159,6-6.9,36
South Asia,70-74,Male,Smoker,Yes,140-159,>=7,40
South Asia,70-74,Female,Non-smoker,Yes,140-159,<4,20
South Asia,70-74,Female,Non-smoker,Yes,140-159,4-4.9,21
South Asia,70-74,Female,Non-smoker,Yes,140-159,5-5.9,22
South Asia,70-74,Female,Non-smoker,Yes,140-159,6-6.9,23
South Asia,70-74,Female,Non-smoker,Yes,140-159,>=7,24
South Asia,70-74,Female,Smoker,Yes,140-159,<4,27
South Asia,70-74,Female,Smoker,Yes,140-159,4-4.9,28
South Asia,70-74,Female,Smoker,Yes,140-159,5-5.9,30
South Asia,70-74,Female,Smoker,Yes,140-159,6-6.9,31
South Asia,70-74,Female,Smoker,Yes,140-159,>=7,33
South Asia,70-74,Male,Non-smoker,No,120-139,<4,13
South Asia,70-74,Male,Non-smoker,No,120-139,4-4.9,14
South Asia,70-74,Male,Non-smoker,No,120-139,5-5.9,16
South Asia,70-74,Male,Non-smoker,No,120-139,6-6.9,17
South Asia,70-74,Male,Non-smoker,No,120-139,>=7,19
South Asia,70-74,Male,Smoker,No,120-139,<4,16
South Asia,70-74,Male,Smoker,No,120-139,4-4.9,18
South Asia,70-74,Male,Smoker,No,120-139,5-5.9,20
South Asia,70-74,Male,Smoker,No,120-139,6-6.9,22
South Asia,70-74,Male,Smoker,No,120-139,>=7,25
South Asia,70-74,Female,Non-smoker,No,120-139,<4,11
South Asia,70-74,Female,Non-smoker,No,120-139,4-4.9,12
South Asia,70-74,Female,Non-smoker,No,120-139,5-5.9,12
South Asia,70-74,Female,Non-smoker,No,120-139,6-6.9,13
South Asia,70-74,Female,Non-smoker,No,120-139,>=7,13
South Asia,70-74,Female,Smoker,No,120-139,<4,15
South Asia,70-74,Female,Smoker,No,120-139,4-4.9,16
South Asia,70-74,Female,Smoker,No,120-139,5-5.9,17
South Asia,70-74,Female,Smoker,No,120-139,6-6.9,18
South Asia,70-74,Female,Smoker,No,120-139,>=7,19
South Asia,70-74,Male,Non-smoker,Yes,120-139,<4,18
South Asia,70-74,Male,Non-smoker,Yes,120-139,4-4.9,19
South Asia,70-74,Male,Non-smoker,Yes,120-139,5-5.9,22
South Asia,70-74,Male,Non-smoker,Yes,120-139,6-6.9,24
South Asia,70-74,Male,Non-smoker,Yes,120-139,>=7,27
South Asia,70-74,Male,Smoker,Yes,120-139,<4,22
South Asia,70-74,Male,Smoker,Yes,120-139,4-4.9,25
South Asia,70-74,Male,Smoker,Yes,120-139,5-5.9,28
South Asia,70-74,Male,Smoker,Yes,120-139,6-6.9,31
South Asia,70-74,Male,Smoker,Yes,120-139,>=7,34
South Asia,70-74,Female,Non-smoker,Yes,120-139,<4,17
South Asia,70-74,Female,Non-smoker,Yes,120-139,4-4.9,17
South Asia,70-74,Female,Non-smoker,Yes,120-139,5-5.9,18
South Asia,70-74,Female,Non-smoker,Yes,120-139,6-6.9,19
South Asia,70-74,Female,Non-smoker,Yes,120-139,>=7,20
South Asia,70-74,Female,Smoker,Yes,120-139,<4,23
South Asia,70-74,Female,Smoker,Yes,120-139,4-4.9,24
South Asia,70-74,Female,Smoker,Yes,120-139,5-5.9,26
South Asia,70-74,Female,Smoker,Yes,120-139,6-6.9,27
South Asia,70-74,Female,Smoker,Yes,120-139,>=7,28
South Asia,70-74,Male,Non-smoker,No,<120,<4,10
South Asia,70-74,Male,Non-smoker,No,<120,4-4.9,12
South Asia,70-74,Male,Non-smoker,No,<120,5-5.9,13
South Asia,70-74,Male,Non-smoker,No,<120,6-6.9,14
South Asia,70-74,Male,Non-smoker,No,<120,>=7,16
South Asia,70-74,Male,Smoker,No,<120,<4,13
South Asia,70-74,Male,Smoker,No,<120,4-4.9,15
South Asia,70-74,Male,Smoker,No,<120,5-5.9,17
South Asia,70-74,Male,Smoker,No,<120,6-6.9,18
South Asia,70-74,Male,Smoker,No,<120,>=7,21
South Asia,70-74,Female,Non-smoker,No,<120,<4,9
South Asia,70-74,Female,Non-smoker,No,<120,4-4.9,10
South Asia,70-74,Female,Non-smoker,No,<120,5-5.9,10
South Asia,70-74,Female,Non-smoker,No,<120,6-6.9,11
South Asia,70-74,Female,Non-smoker,No,<120,>=7,11
South Asia,70-74,Female,Smoker,No,<120,<4,13
South Asia,70-74,Female,Smoker,No,<120,4-4.9,14
South Asia,70-74,Female,Smoker,No,<120,5-5.9,14
South Asia,70-74,Female,Smoker,No,<120,6-6.9,15
South Asia,70-74,Female,Smoker,No,<120,>=7,16
South Asia,70-74,Male,Non-smoker,Yes,<120,<4,15
South Asia,70-74,Male,Non-smoker,Yes,<120,4-4.9,16
South Asia,70-74,Male,Non-smoker,Yes,<120,5-5.9,18
South Asia,70-74,Male,Non-smoker,Yes,<120,6-6.9,20
South Asia,70-74,Male,Non-smoker,Yes,<120,>=7,23
South Asia,70-74,Male,Smoker,Yes,<120,<4,19
South Asia,70-74,Male,Smoker,Yes,<120,4-4.9,21
South Asia,70-74,Male,Smoker,Yes,<120,5-5.9,23
South Asia,70-74,Male,Smoker,Yes,<120,6-6.9,26
South Asia,70-74,Male,Smoker,Yes,<120,>=7,29
South Asia,70-74,Female,Non-smoker,Yes,<120,<4,14
South Asia,70-74,Female,Non-smoker,Yes,<120,4-4.9,15
South Asia,70-74,Female,Non-smoker,Yes,<120,5-5.9,16
South Asia,70-74,Female,Non-smoker,Yes,<120,6-6.9,16
South Asia,70-74,Female,Non-smoker,Yes,<120,>=7,17
South Asia,70-74,Female,Smoker,Yes,<120,<4,20
South Asia,70-74,Female,Smoker,Yes,<120,4-4.9,21
South Asia,70-74,Female,Smoker,Yes,<120,5-5.9,22
South Asia,70-74,Female,Smoker,Yes,<120,6-6.9,23
South Asia,70-74,Female,Smoker,Yes,<120,>=7,24
South Asia,65-69,Male,Non-smoker,No,≥180,<4,17
South Asia,65-69,Male,Non-smoker,No,≥180,4-4.9,19
South Asia,65-69,Male,Non-smoker,No,≥180,5-5.9,21
South Asia,65-69,Male,Non-smoker,No,≥180,6-6.9,24
South Asia,65-69,Male,Non-smoker,No,≥180,>=7,27
South Asia,65-69,Male,Smoker,No,≥180,<4,23
South Asia,65-69,Male,Smoker,No,≥180,4-4.9,26
South Asia,65-69,Male,Smoker,No,≥180,5-5.9,29
South Asia,65-69,Male,Smoker,No,≥180,6-6.9,32
South Asia,65-69,Male,Smoker,No,≥180,>=7,36
South Asia,65-69,Female,Non-smoker,No,≥180,<4,14
South Asia,65-69,Female,Non-smoker,No,≥180,4-4.9,15
South Asia,65-69,Female,Non-smoker,No,≥180,5-5.9,16
South Asia,65-69,Female,Non-smoker,No,≥180,6-6.9,17
South Asia,65-69,Female,Non-smoker,No,≥180,>=7,18
South Asia,65-69,Female,Smoker,No,≥180,<4,21
South Asia,65-69,Female,Smoker,No,≥180,4-4.9,22
South Asia,65-69,Female,Smoker,No,≥180,5-5.9,23
South Asia,65-69,Female,Smoker,No,≥180,6-6.9,25
South Asia,65-69,Female,Smoker,No,≥180,>=7,27
South Asia,65-69,Male,Non-smoker,Yes,≥180,<4,25
South Asia,65-69,Male,Non-smoker,Yes,≥180,4-4.9,28
South Asia,65-69,Male,Non-smoker,Yes,≥180,5-5.9,31
South Asia,65-69,Male,Non-smoker,Yes,≥180,6-6.9,35
South Asia,65-69,Male,Non-smoker,Yes,≥180,>=7,39
South Asia,65-69,Male,Smoker,Yes,≥180,<4,33
South Asia,65-69,Male,Smoker,Yes,≥180,4-4.9,37
South Asia,65-69,Male,Smoker,Yes,≥180,5-5.9,41
South Asia,65-69,Male,Smoker,Yes,≥180,6-6.9,45
South Asia,65-69,Male,Smoker,Yes,≥180,>=7,51
South Asia,65-69,Female,Non-smoker,Yes,≥180,<4,22
South Asia,65-69,Female,Non-smoker,Yes,≥180,4-4.9,23
South Asia,65-69,Female,Non-smoker,Yes,≥180,5-5.9,25
South Asia,65-69,Female,Non-smoker,Yes,≥180,6-6.9,26
South Asia,65-69,Female,Non-smoker,Yes,≥180,>=7,28
South Asia,65-69,Female,Smoker,Yes,≥180,<4,32
South Asia,65-69,Female,Smoker,Yes,≥180,4-4.9,34
South Asia,65-69,Female,Smoker,Yes,≥180,5-5.9,36
South Asia,65-69,Female,Smoker,Yes,≥180,6-6.9,39
South Asia,65-69,Female,Smoker,Yes,≥180,>=7,41
South Asia,65-69,Male,Non-smoker,No,160-179,<4,14
South Asia,65-69,Male,Non-smoker,No,160-179,4-4.9,16
South Asia,65-69,Male,Non-smoker,No,160-179,5-5.9,18
South Asia,65-69,Male,Non-smoker,No,160-179,6-6.9,20
South Asia,65-69,Male,Non-smoker,No,160-179,>=7,22
South Asia,65-69,Male,Smoker,No,160-179,<4,19
South Asia,65-69,Male,Smoker,No,160-179,4-4.9,21
South Asia,65-69,Male,Smoker,No,160-179,5-5.9,24
South Asia,65-69,Male,Smoker,No,160-179,6-6.9,27
South Asia,65-69,Male,Smoker,No,160-179,>=7,30
South Asia,65-69,Female,Non-smoker,No,160-179,<4,12
South Asia,65-69,Female,Non-smoker,No,160-179,4-4.9,12
South Asia,65-69,Female,Non-smoker,No,160-179,5-5.9,13
South Asia,65-69,Female,Non-smoker,No,160-179,6-6.9,14
South Asia,65-69,Female,Non-smoker,No,160-179,>=7,15
South Asia,65-69,Female,Smoker,No,160-179,<4,17
South Asia,65-69,Female,Smoker,No,160-179,4-4.9,19
South Asia,65-69,Female,Smoker,No,160-179,5-5.9,20
South Asia,65-69,Female,Smoker,No,160-179,6-6.9,21
South Asia,65-69,Female,Smoker,No,160-179,>=7,22
South Asia,65-69,Male,Non-smoker,Yes,160-179,<4,20
South Asia,65-69,Male,Non-smoker,Yes,160-179,4-4.9,23
South Asia,65-69,Male,Non-smoker,Yes,160-179,5-5.9,26
South Asia,65-69,Male,Non-smoker,Yes,160-179,6-6.9,29
South Asia,65-69,Male,Non-smoker,Yes,160-179,>=7,32
South Asia,65-69,Male,Smoker,Yes,160-179,<4,27
South Asia,65-69,Male,Smoker,Yes,160-179,4-4.9,31
South Asia,65-69,Male,Smoker,Yes,160-179,5-5.9,34
South Asia,65-69,Male,Smoker,Yes,160-179,6-6.9,38
South Asia,65-69,Male,Smoker,Yes,160-179,>=7,43
South Asia,65-69,Female,Non-smoker,Yes,160-179,<4,18
South Asia,65-69,Female,Non-smoker,Yes,160-179,4-4.9,20
South Asia,65-69,Female,Non-smoker,Yes,160-179,5-5.9,21
South Asia,65-69,Female,Non-smoker,Yes,160-179,6-6.9,22
South Asia,65-69,Female,Non-smoker,Yes,160-179,>=7,24
South Asia,65-69,Female,Smoker,Yes,160-179,<4,28
South Asia,65-69,Female,Smoker,Yes,160-179,4-4.9,29
South Asia,65-69,Female,Smoker,Yes,160-179,5-5.9,31
South Asia,65-69,Female,Smoker,Yes,160-179,6-6.9,33
South Asia,65-69,Female,Smoker,Yes,160-179,>=7,35
South Asia,65-69,Male,Non-smoker,No,140-159,<4,11
South Asia,65-69,Male,Non-smoker,No,140-159,4-4.9,13
South Asia,65-69,Male,Non-smoker,No,140-159,5-5.9,14
South Asia,65-69,Male,Non-smoker,No,140-159,6-6.9,16
South Asia,65-69,Male,Non-smoker,No,140-159,>=7,18
South Asia,65-69,Male,Smoker,No,140-159,<4,16
South Asia,65-69,Male,Smoker,No,140-159,4-4.9,17
South Asia,65-69,Male,Smoker,No,140-159,5-5.9,20
South Asia,65-69,Male,Smoker,No,140-159,6-6.9,22
South Asia,65-69,Male,Smoker,No,140-159,>=7,25
South Asia,65-69,Female,Non-smoker,No,140-159,<4,10
South Asia,65-69,Female,Non-smoker,No,140-159,4-4.9,10
South Asia,65-69,Female,Non-smoker,No,140-159,5-5.9,11
South Asia,65-69,Female,Non-smoker,No,140-159,6-6.9,12
South Asia,65-69,Female,Non-smoker,No,140-159,>=7,12
South Asia,65-69,Female,Smoker,No,140-159,<4,15
South Asia,65-69,Female,Smoker,No,140-159,4-4.9,16
South Asia,65-69,Female,Smoker,No,140-159,5-5.9,17
South Asia,65-69,Female,Smoker,No,140-159,6-6.9,18
South Asia,65-69,Female,Smoker,No,140-159,>=7,19
South Asia,65-69,Male,Non-smoker,Yes,140-159,<4,17
South Asia,65-69,Male,Non-smoker,Yes,140-159,4-4.9,19
South Asia,65-69,Male,Non-smoker,Yes,140-159,5-5.9,21
South Asia,65-69,Male,Non-smoker,Yes,140-159,6-6.9,24
South Asia,65-69,Male,Non-smoker,Yes,140-159,>=7,27
South Asia,65-69,Male,Smoker,Yes,140-159,<4,23
South Asia,65-69,Male,Smoker,Yes,140-159,4-4.9,25
South Asia,65-69,Male,Smoker,Yes,140-159,5-5.9,29
South Asia,65-69,Male,Smoker,Yes,140-159,6-6.9,32
South Asia,65-69,Male,Smoker,Yes,140-159,>=7,36
South Asia,65-69,Female,Non-smoker,Yes,140-159,<4,15
South Asia,65-69,Female,Non-smoker,Yes,140-159,4-4.9,16
South Asia,65-69,Female,Non-smoker,Yes,140-159,5-5.9,17
South Asia,65-69,Female,Non-smoker,Yes,140-159,6-6.9,19
South Asia,65-69,Female,Non-smoker,Yes,140-159,>=7,20
South Asia,65-69,Female,Smoker,Yes,140-159,<4,23
South Asia,65-69,Female,Smoker,Yes,140-159,4-4.9,25
South Asia,65-69,Female,Smoker,Yes,140-159,5-5.9,26
South Asia,65-69,Female,Smoker,Yes,140-159,6-6.9,28
South Asia,65-69,Female,Smoker,Yes,140-159,>=7,30
South Asia,65-69,Male,Non-smoker,No,120-139,<4,9
South Asia,65-69,Male,Non-smoker,No,120-139,4-4.9,10
South Asia,65-69,Male,Non-smoker,No,120-139,5-5.9,12
South Asia,65-69,Male,Non-smoker,No,120-139,6-6.9,13
South Asia,65-69,Male,Non-smoker,No,120-139,>=7,15
South Asia,65-69,Male,Smoker,No,120-139,<4,13
South Asia,65-69,Male,Smoker,No,120-139,4-4.9,14
South Asia,65-69,Male,Smoker,No,120-139,5-5.9,16
South Asia,65-69,Male,Smoker,No,120-139,6-6.9,18
South Asia,65-69,Male,Smoker,No,120-139,>=7,20
South Asia,65-69,Female,Non-smoker,No,120-139,<4,8
South Asia,65-69,Female,Non-smoker,No,120-139,4-4.9,8
South Asia,65-69,Female,Non-smoker,No,120-139,5-5.9,9
South Asia,65-69,Female,Non-smoker,No,120-139,6-6.9,10
South Asia,65-69,Female,Non-smoker,No,120-139,>=7,10
South Asia,65-69,Female,Smoker,No,120-139,<4,12
South Asia,65-69,Female,Smoker,No,120-139,4-4.9,13
South Asia,65-69,Female,Smoker,No,120-139,5-5.9,14
South Asia,65-69,Female,Smoker,No,120-139,6-6.9,15
South Asia,65-69,Female,Smoker,No,120-139,>=7,16
South Asia,65-69,Male,Non-smoker,Yes,120-139,<4,14
South Asia,65-69,Male,Non-smoker,Yes,120-139,4-4.9,15
South Asia,65-69,Male,Non-smoker,Yes,120-139,5-5.9,17
South Asia,65-69,Male,Non-smoker,Yes,120-139,6-6.9,20
South Asia,65-69,Male,Non-smoker,Yes,120-139,>=7,22
South Asia,65-69,Male,Smoker,Yes,120-139,<4,19
South Asia,65-69,Male,Smoker,Yes,120-139,4-4.9,21
South Asia,65-69,Male,Smoker,Yes,120-139,5-5.9,24
South Asia,65-69,Male,Smoker,Yes,120-139,6-6.9,27
South Asia,65-69,Male,Smoker,Yes,120-139,>=7,30
South Asia,65-69,Female,Non-smoker,Yes,120-139,<4,13
South Asia,65-69,Female,Non-smoker,Yes,120-139,4-4.9,14
South Asia,65-69,Female,Non-smoker,Yes,120-139,5-5.9,15
South Asia,65-69,Female,Non-smoker,Yes,120-139,6-6.9,16
South Asia,65-69,Female,Non-smoker,Yes,120-139,>=7,17
South Asia,65-69,Female,Smoker,Yes,120-139,<4,20
South Asia,65-69,Female,Smoker,Yes,120-139,4-4.9,21
South Asia,65-69,Female,Smoker,Yes,120-139,5-5.9,22
South Asia,65-69,Female,Smoker,Yes,120-139,6-6.9,24
South Asia,65-69,Female,Smoker,Yes,120-139,>=7,25
South Asia,65-69,Male,Non-smoker,No,<120,<4,8
South Asia,65-69,Male,Non-smoker,No,<120,4-4.9,8
South Asia,65-69,Male,Non-smoker,No,<120,5-5.9,9
South Asia,65-69,Male,Non-smoker,No,<120,6-6.9,11
South Asia,65-69,Male,Non-smoker,No,<120,>=7,12
South Asia,65-69,Male,Smoker,No,<120,<4,10
South Asia,65-69,Male,Smoker,No,<120,4-4.9,12
South Asia,65-69,Male,Smoker,No,<120,5-5.9,13
South Asia,65-69,Male,Smoker,No,<120,6-6.9,15
South Asia,65-69,Male,Smoker,No,<120,>=7,17
South Asia,65-69,Female,Non-smoker,No,<120,<4,7
South Asia,65-69,Female,Non-smoker,No,<120,4-4.9,7
South Asia,65-69,Female,Non-smoker,No,<120,5-5.9,7
South Asia,65-69,Female,Non-smoker,No,<120,6-6.9,8
South Asia,65-69,Female,Non-smoker,No,<120,>=7,8
South Asia,65-69,Female,Smoker,No,<120,<4,10
South Asia,65-69,Female,Smoker,No,<120,4-4.9,11
South Asia,65-69,Female,Smoker,No,<120,5-5.9,11
South Asia,65-69,Female,Smoker,No,<120,6-6.9,12
South Asia,65-69,Female,Smoker,No,<120,>=7,13
South Asia,65-69,Male,Non-smoker,Yes,<120,<4,11
South Asia,65-69,Male,Non-smoker,Yes,<120,4-4.9,12
South Asia,65-69,Male,Non-smoker,Yes,<120,5-5.9,14
South Asia,65-69,Male,Non-smoker,Yes,<120,6-6.9,16
South Asia,65-69,Male,Non-smoker,Yes,<120,>=7,18
South Asia,65-69,Male,Smoker,Yes,<120,<4,15
South Asia,65-69,Male,Smoker,Yes,<120,4-4.9,17
South Asia,65-69,Male,Smoker,Yes,<120,5-5.9,19
South Asia,65-69,Male,Smoker,Yes,<120,6-6.9,22
South Asia,65-69,Male,Smoker,Yes,<120,>=7,25
South Asia,65-69,Female,Non-smoker,Yes,<120,<4,11
South Asia,65-69,Female,Non-smoker,Yes,<120,4-4.9,11
South Asia,65-69,Female,Non-smoker,Yes,<120,5-5.9,12
South Asia,65-69,Female,Non-smoker,Yes,<120,6-6.9,13
South Asia,65-69,Female,Non-smoker,Yes,<120,>=7,14
South Asia,65-69,Female,Smoker,Yes,<120,<4,16
South Asia,65-69,Female,Smoker,Yes,<120,4-4.9,17
South Asia,65-69,Female,Smoker,Yes,<120,5-5.9,19
South Asia,65-69,Female,Smoker,Yes,<120,6-6.9,20
South Asia,65-69,Female,Smoker,Yes,<120,>=7,21
South Asia,60-64,Male,Non-smoker,No,≥180,<4,13
South Asia,60-64,Male,Non-smoker,No,≥180,4-4.9,15
South Asia,60-64,Male,Non-smoker,No,≥180,5-5.9,17
South Asia,60-64,Male,Non-smoker,No,≥180,6-6.9,19
South Asia,60-64,Male,Non-smoker,No,≥180,>=7,22
South Asia,60-64,Male,Smoker,No,≥180,<4,19
South Asia,60-64,Male,Smoker,No,≥180,4-4.9,22
South Asia,60-64,Male,Smoker,No,≥180,5-5.9,24
South Asia,60-64,Male,Smoker,No,≥180,6-6.9,28
South Asia,60-64,Male,Smoker,No,≥180,>=7,32
South Asia,60-64,Female,Non-smoker,No,≥180,<4,11
South Asia,60-64,Female,Non-smoker,No,≥180,4-4.9,11
South Asia,60-64,Female,Non-smoker,No,≥180,5-5.9,12
South Asia,60-64,Female,Non-smoker,No,≥180,6-6.9,13
South Asia,60-64,Female,Non-smoker,No,≥180,>=7,14
South Asia,60-64,Female,Smoker,No,≥180,<4,17
South Asia,60-64,Female,Smoker,No,≥180,4-4.9,19
South Asia,60-64,Female,Smoker,No,≥180,5-5.9,20
South Asia,60-64,Female,Smoker,No,≥180,6-6.9,21
South Asia,60-64,Female,Smoker,No,≥180,>=7,23
South Asia,60-64,Male,Non-smoker,Yes,≥180,<4,20
South Asia,60-64,Male,Non-smoker,Yes,≥180,4-4.9,23
South Asia,60-64,Male,Non-smoker,Yes,≥180,5-5.9,26
South Asia,60-64,Male,Non-smoker,Yes,≥180,6-6.9,30
South Asia,60-64,Male,Non-smoker,Yes,≥180,>=7,34
South Asia,60-64,Male,Smoker,Yes,≥180,<4,29
South Asia,60-64,Male,Smoker,Yes,≥180,4-4.9,33
South Asia,60-64,Male,Smoker,Yes,≥180,5-5.9,37
South Asia,60-64,Male,Smoker,Yes,≥180,6-6.9,42
South Asia,60-64,Male,Smoker,Yes,≥180,>=7,47
South Asia,60-64,Female,Non-smoker,Yes,≥180,<4,18
South Asia,60-64,Female,Non-smoker,Yes,≥180,4-4.9,19
South Asia,60-64,Female,Non-smoker,Yes,≥180,5-5.9,21
South Asia,60-64,Female,Non-smoker,Yes,≥180,6-6.9,22
South Asia,60-64,Female,Non-smoker,Yes,≥180,>=7,24
South Asia,60-64,Female,Smoker,Yes,≥180,<4,29
South Asia,60-64,Female,Smoker,Yes,≥180,4-4.9,31
South Asia,60-64,Female,Smoker,Yes,≥180,5-5.9,33
South Asia,60-64,Female,Smoker,Yes,≥180,6-6.9,36
South Asia,60-64,Female,Smoker,Yes,≥180,>=7,38
South Asia,60-64,Male,Non-smoker,No,160-179,<4,11
South Asia,60-64,Male,Non-smoker,No,160-179,4-4.9,12
South Asia,60-64,Male,Non-smoker,No,160-179,5-5.9,14
South Asia,60-64,Male,Non-smoker,No,160-179,6-6.9,15
South Asia,60-64,Male,Non-smoker,No,160-179,>=7,18
South Asia,60-64,Male,Smoker,No,160-179,<4,15
South Asia,60-64,Male,Smoker,No,160-179,4-4.9,17
South Asia,60-64,Male,Smoker,No,160-179,5-5.9,20
South Asia,60-64,Male,Smoker,No,160-179,6-6.9,23
South Asia,60-64,Male,Smoker,No,160-179,>=7,26
South Asia,60-64,Female,Non-smoker,No,160-179,<4,9
South Asia,60-64,Female,Non-smoker,No,160-179,4-4.9,9
South Asia,60-64,Female,Non-smoker,No,160-179,5-5.9,10
South Asia,60-64,Female,Non-smoker,No,160-179,6-6.9,11
South Asia,60-64,Female,Non-smoker,No,160-179,>=7,12
South Asia,60-64,Female,Smoker,No,160-179,<4,14
South Asia,60-64,Female,Smoker,No,160-179,4-4.9,15
South Asia,60-64,Female,Smoker,No,160-179,5-5.9,16
South Asia,60-64,Female,Smoker,No,160-179,6-6.9,18
South Asia,60-64,Female,Smoker,No,160-179,>=7,19
South Asia,60-64,Male,Non-smoker,Yes,160-179,<4,16
South Asia,60-64,Male,Non-smoker,Yes,160-179,4-4.9,19
South Asia,60-64,Male,Non-smoker,Yes,160-179,5-5.9,21
South Asia,60-64,Male,Non-smoker,Yes,160-179,6-6.9,24
South Asia,60-64,Male,Non-smoker,Yes,160-179,>=7,28
South Asia,60-64,Male,Smoker,Yes,160-179,<4,24
South Asia,60-64,Male,Smoker,Yes,160-179,4-4.9,27
South Asia,60-64,Male,Smoker,Yes,160-179,5-5.9,30
South Asia,60-64,Male,Smoker,Yes,160-179,6-6.9,35
South Asia,60-64,Male,Smoker,Yes,160-179,>=7,39
South Asia,60-64,Female,Non-smoker,Yes,160-179,<4,15
South Asia,60-64,Female,Non-smoker,Yes,160-179,4-4.9,16
South Asia,60-64,Female,Non-smoker,Yes,160-179,5-5.9,17
South Asia,60-64,Female,Non-smoker,Yes,160-179,6-6.9,18
South Asia,60-64,Female,Non-smoker,Yes,160-179,>=7,20
South Asia,60-64,Female,Smoker,Yes,160-179,<4,24
South Asia,60-64,Female,Smoker,Yes,160-179,4-4.9,26
South Asia,60-64,Female,Smoker,Yes,160-179,5-5.9,28
South Asia,60-64,Female,Smoker,Yes,160-179,6-6.9,30
South Asia,60-64,Female,Smoker,Yes,160-179,>=7,32
South Asia,60-64,Male,Non-smoker,No,140-159,<4,9
South Asia,60-64,Male,Non-smoker,No,140-159,4-4.9,10
South Asia,60-64,Male,Non-smoker,No,140-159,5-5.9,11
South Asia,60-64,Male,Non-smoker,No,140-159,6-6.9,12
South Asia,60-64,Male,Non-smoker,No,140-159,>=7,14
South Asia,60-64,Male,Smoker,No,140-159,<4,12
South Asia,60-64,Male,Smoker,No,140-159,4-4.9,14
South Asia,60-64,Male,Smoker,No,140-159,5-5.9,16
South Asia,60-64,Male,Smoker,No,140-159,6-6.9,18
South Asia,60-64,Male,Smoker,No,140-159,>=7,21
South Asia,60-64,Female,Non-smoker,No,140-159,<4,7
South Asia,60-64,Female,Non-smoker,No,140-159,4-4.9,8
South Asia,60-64,Female,Non-smoker,No,140-159,5-5.9,8
South Asia,60-64,Female,Non-smoker,No,140-159,6-6.9,9
South Asia,60-64,Female,Non-smoker,No,140-159,>=7,9
South Asia,60-64,Female,Smoker,No,140-159,<4,12
South Asia,60-64,Female,Smoker,No,140-159,4-4.9,13
South Asia,60-64,Female,Smoker,No,140-159,5-5.9,14
South Asia,60-64,Female,Smoker,No,140-159,6-6.9,15
South Asia,60-64,Female,Smoker,No,140-159,>=7,16
South Asia,60-64,Male,Non-smoker,Yes,140-159,<4,13
South Asia,60-64,Male,Non-smoker,Yes,140-159,4-4.9,15
South Asia,60-64,Male,Non-smoker,Yes,140-159,5-5.9,17
South Asia,60-64,Male,Non-smoker,Yes,140-159,6-6.9,20
South Asia,60-64,Male,Non-smoker,Yes,140-159,>=7,22
South Asia,60-64,Male,Smoker,Yes,140-159,<4,19
South Asia,60-64,Male,Smoker,Yes,140-159,4-4.9,22
South Asia,60-64,Male,Smoker,Yes,140-159,5-5.9,25
South Asia,60-64,Male,Smoker,Yes,140-159,6-6.9,28
South Asia,60-64,Male,Smoker,Yes,140-159,>=7,32
South Asia,60-64,Female,Non-smoker,Yes,140-159,<4,12
South Asia,60-64,Female,Non-smoker,Yes,140-159,4-4.9,13
South Asia,60-64,Female,Non-smoker,Yes,140-159,5-5.9,14
South Asia,60-64,Female,Non-smoker,Yes,140-159,6-6.9,15
South Asia,60-64,Female,Non-smoker,Yes,140-159,>=7,16
South Asia,60-64,Female,Smoker,Yes,140-159,<4,20
South Asia,60-64,Female,Smoker,Yes,140-159,4-4.9,21
South Asia,60-64,Female,Smoker,Yes,140-159,5-5.9,23
South Asia,60-64,Female,Smoker,Yes,140-159,6-6.9,25
South Asia,60-64,Female,Smoker,Yes,140-159,>=7,27
South Asia,60-64,Male,Non-smoker,No,120-139,<4,7
South Asia,60-64,Male,Non-smoker,No,120-139,4-4.9,8
South Asia,60-64,Male,Non-smoker,No,120-139,5-5.9,9
South Asia,60-64,Male,Non-smoker,No,120-139,6-6.9,10
South Asia,60-64,Male,Non-smoker,No,120-139,>=7,11
South Asia,60-64,Male,Smoker,No,120-139,<4,10
South Asia,60-64,Male,Smoker,No,120-139,4-4.9,11
South Asia,60-64,Male,Smoker,No,120-139,5-5.9,13
South Asia,60-64,Male,Smoker,No,120-139,6-6.9,15
South Asia,60-64,Male,Smoker,No,120-139,>=7,17
South Asia,60-64,Female,Non-smoker,No,120-139,<4,6
South Asia,60-64,Female,Non-smoker,No,120-139,4-4.9,6
South Asia,60-64,Female,Non-smoker,No,120-139,5-5.9,7
South Asia,60-64,Female,Non-smoker,No,120-139,6-6.9,7
South Asia,60-64,Female,Non-smoker,No,120-139,>=7,8
South Asia,60-64,Female,Smoker,No,120-139,<4,10
South Asia,60-64,Female,Smoker,No,120-139,4-4.9,10
South Asia,60-64,Female,Smoker,No,120-139,5-5.9,11
South Asia,60-64,Female,Smoker,No,120-139,6-6.9,12
South Asia,60-64,Female,Smoker,No,120-139,>=7,13
South Asia,60-64,Male,Non-smoker,Yes,120-139,<4,11
South Asia,60-64,Male,Non-smoker,Yes,120-139,4-4.9,12
South Asia,60-64,Male,Non-smoker,Yes,120-139,5-5.9,14
South Asia,60-64,Male,Non-smoker,Yes,120-139,6-6.9,16
South Asia,60-64,Male,Non-smoker,Yes,120-139,>=7,18
South Asia,60-64,Male,Smoker,Yes,120-139,<4,15
South Asia,60-64,Male,Smoker,Yes,120-139,4-4.9,18
South Asia,60-64,Male,Smoker,Yes,120-139,5-5.9,20
South Asia,60-64,Male,Smoker,Yes,120-139,6-6.9,23
South Asia,60-64,Male,Smoker,Yes,120-139,>=7,27
South Asia,60-64,Female,Non-smoker,Yes,120-139,<4,10
South Asia,60-64,Female,Non-smoker,Yes,120-139,4-4.9,11
South Asia,60-64,Female,Non-smoker,Yes,120-139,5-5.9,12
South Asia,60-64,Female,Non-smoker,Yes,120-139,6-6.9,12
South Asia,60-64,Female,Non-smoker,Yes,120-139,>=7,13
South Asia,60-64,Female,Smoker,Yes,120-139,<4,16
South Asia,60-64,Female,Smoker,Yes,120-139,4-4.9,18
South Asia,60-64,Female,Smoker,Yes,120-139,5-5.9,19
South Asia,60-64,Female,Smoker,Yes,120-139,6-6.9,21
South Asia,60-64,Female,Smoker,Yes,120-139,>=7,23
South Asia,60-64,Male,Non-smoker,No,<120,<4,5
South Asia,60-64,Male,Non-smoker,No,<120,4-4.9,6
South Asia,60-64,Male,Non-smoker,No,<120,5-5.9,7
South Asia,60-64,Male,Non-smoker,No,<120,6-6.9,8
South Asia,60-64,Male,Non-smoker,No,<120,>=7,9
South Asia,60-64,Male,Smoker,No,<120,<4,8
South Asia,60-64,Male,Smoker,No,<120,4-4.9,9
South Asia,60-64,Male,Smoker,No,<120,5-5.9,10
South Asia,60-64,Male,Smoker,No,<120,6-6.9,12
South Asia,60-64,Male,Smoker,No,<120,>=7,14
South Asia,60-64,Female,Non-smoker,No,<120,<4,5
South Asia,60-64,Female,Non-smoker,No,<120,4-4.9,5
South Asia,60-64,Female,Non-smoker,No,<120,5-5.9,5
South Asia,60-64,Female,Non-smoker,No,<120,6-6.9,6
South Asia,60-64,Female,Non-smoker,No,<120,>=7,6
South Asia,60-64,Female,Smoker,No,<120,<4,8
South Asia,60-64,Female,Smoker,No,<120,4-4.9,8
South Asia,60-64,Female,Smoker,No,<120,5-5.9,9
South Asia,60-64,Female,Smoker,No,<120,6-6.9,10
South Asia,60-64,Female,Smoker,No,<120,>=7,11
South Asia,60-64,Male,Non-smoker,Yes,<120,<4,8
South Asia,60-64,Male,Non-smoker,Yes,<120,4-4.9,10
South Asia,60-64,Male,Non-smoker,Yes,<120,5-5.9,11
South Asia,60-64,Male,Non-smoker,Yes,<120,6-6.9,13
South Asia,60-64,Male,Non-smoker,Yes,<120,>=7,15
South Asia,60-64,Male,Smoker,Yes,<120,<4,12
South Asia,60-64,Male,Smoker,Yes,<120,4-4.9,14
South Asia,60-64,Male,Smoker,Yes,<120,5-5.9,16
South Asia,60-64,Male,Smoker,Yes,<120,6-6.9,19
South Asia,60-64,Male,Smoker,Yes,<120,>=7,22
South Asia,60-64,Female,Non-smoker,Yes,<120,<4,8
South Asia,60-64,Female,Non-smoker,Yes,<120,4-4.9,9
South Asia,60-64,Female,Non-smoker,Yes,<120,5-5.9,9
South Asia,60-64,Female,Non-smoker,Yes,<120,6-6.9,10
South Asia,60-64,Female,Non-smoker,Yes,<120,>=7,11
South Asia,60-64,Female,Smoker,Yes,<120,<4,14
South Asia,60-64,Female,Smoker,Yes,<120,4-4.9,15
South Asia,60-64,Female,Smoker,Yes,<120,5-5.9,16
South Asia,60-64,Female,Smoker,Yes,<120,6-6.9,17
South Asia,60-64,Female,Smoker,Yes,<120,>=7,19
South Asia,55-59,Male,Non-smoker,No,≥180,<4,10
South Asia,55-59,Male,Non-smoker,No,≥180,4-4.9,12
South Asia,55-59,Male,Non-smoker,No,≥180,5-5.9,13
South Asia,55-59,Male,Non-smoker,No,≥180,6-6.9,15
South Asia,55-59,Male,Non-smoker,No,≥180,>=7,18
South Asia,55-59,Male,Smoker,No,≥180,<4,16
South Asia,55-59,Male,Smoker,No,≥180,4-4.9,18
South Asia,55-59,Male,Smoker,No,≥180,5-5.9,21
South Asia,55-59,Male,Smoker,No,≥180,6-6.9,24
South Asia,55-59,Male,Smoker,No,≥180,>=7,27
South Asia,55-59,Female,Non-smoker,No,≥180,<4,8
South Asia,55-59,Female,Non-smoker,No,≥180,4-4.9,9
South Asia,55-59,Female,Non-smoker,No,≥180,5-5.9,9
South Asia,55-59,Female,Non-smoker,No,≥180,6-6.9,10
South Asia,55-59,Female,Non-smoker,No,≥180,>=7,11
South Asia,55-59,Female,Smoker,No,≥180,<4,14
South Asia,55-59,Female,Smoker,No,≥180,4-4.9,16
South Asia,55-59,Female,Smoker,No,≥180,5-5.9,17
South Asia,55-59,Female,Smoker,No,≥180,6-6.9,18
South Asia,55-59,Female,Smoker,No,≥180,>=7,20
South Asia,55-59,Male,Non-smoker,Yes,≥180,<4,17
South Asia,55-59,Male,Non-smoker,Yes,≥180,4-4.9,19
South Asia,55-59,Male,Non-smoker,Yes,≥180,5-5.9,22
South Asia,55-59,Male,Non-smoker,Yes,≥180,6-6.9,25
South Asia,55-59,Male,Non-smoker,Yes,≥180,>=7,29
South Asia,55-59,Male,Smoker,Yes,≥180,<4,25
South Asia,55-59,Male,Smoker,Yes,≥180,4-4.9,29
South Asia,55-59,Male,Smoker,Yes,≥180,5-5.9,33
South Asia,55-59,Male,Smoker,Yes,≥180,6-6.9,38
South Asia,55-59,Male,Smoker,Yes,≥180,>=7,44
South Asia,55-59,Female,Non-smoker,Yes,≥180,<4,15
South Asia,55-59,Female,Non-smoker,Yes,≥180,4-4.9,16
South Asia,55-59,Female,Non-smoker,Yes,≥180,5-5.9,17
South Asia,55-59,Female,Non-smoker,Yes,≥180,6-6.9,19
South Asia,55-59,Female,Non-smoker,Yes,≥180,>=7,20
South Asia,55-59,Female,Smoker,Yes,≥180,<4,26
South Asia,55-59,Female,Smoker,Yes,≥180,4-4.9,28
South Asia,55-59,Female,Smoker,Yes,≥180,5-5.9,30
South Asia,55-59,Female,Smoker,Yes,≥180,6-6.9,33
South Asia,55-59,Female,Smoker,Yes,≥180,>=7,36
South Asia,55-59,Male,Non-smoker,No,160-179,<4,8
South Asia,55-59,Male,Non-smoker,No,160-179,4-4.9,9
South Asia,55-59,Male,Non-smoker,No,160-179,5-5.9,11
South Asia,55-59,Male,Non-smoker,No,160-179,6-6.9,12
South Asia,55-59,Male,Non-smoker,No,160-179,>=7,14
South Asia,55-59,Male,Smoker,No,160-179,<4,12
South Asia,55-59,Male,Smoker,No,160-179,4-4.9,14
South Asia,55-59,Male,Smoker,No,160-179,5-5.9,16
South Asia,55-59,Male,Smoker,No,160-179,6-6.9,19
South Asia,55-59,Male,Smoker,No,160-179,>=7,22
South Asia,55-59,Female,Non-smoker,No,160-179,<4,7
South Asia,55-59,Female,Non-smoker,No,160-179,4-4.9,7
South Asia,55-59,Female,Non-smoker,No,160-179,5-5.9,8
South Asia,55-59,Female,Non-smoker,No,160-179,6-6.9,8
South Asia,55-59,Female,Non-smoker,No,160-179,>=7,9
South Asia,55-59,Female,Smoker,No,160-179,<4,12
South Asia,55-59,Female,Smoker,No,160-179,4-4.9,13
South Asia,55-59,Female,Smoker,No,160-179,5-5.9,14
South Asia,55-59,Female,Smoker,No,160-179,6-6.9,15
South Asia,55-59,Female,Smoker,No,160-179,>=7,16
South Asia,55-59,Male,Non-smoker,Yes,160-179,<4,13
South Asia,55-59,Male,Non-smoker,Yes,160-179,4-4.9,15
South Asia,55-59,Male,Non-smoker,Yes,160-179,5-5.9,17
South Asia,55-59,Male,Non-smoker,Yes,160-179,6-6.9,20
South Asia,55-59,Male,Non-smoker,Yes,160-179,>=7,23
South Asia,55-59,Male,Smoker,Yes,160-179,<4,20
South Asia,55-59,Male,Smoker,Yes,160-179,4-4.9,23
South Asia,55-59,Male,Smoker,Yes,160-179,5-5.9,27
South Asia,55-59,Male,Smoker,Yes,160-179,6-6.9,31
South Asia,55-59,Male,Smoker,Yes,160-179,>=7,36
South Asia,55-59,Female,Non-smoker,Yes,160-179,<4,12
South Asia,55-59,Female,Non-smoker,Yes,160-179,4-4.9,13
South Asia,55-59,Female,Non-smoker,Yes,160-179,5-5.9,14
South Asia,55-59,Female,Non-smoker,Yes,160-179,6-6.9,15
South Asia,55-59,Female,Non-smoker,Yes,160-179,>=7,17
South Asia,55-59,Female,Smoker,Yes,160-179,<4,21
South Asia,55-59,Female,Smoker,Yes,160-179,4-4.9,23
South Asia,55-59,Female,Smoker,Yes,160-179,5-5.9,25
South Asia,55-59,Female,Smoker,Yes,160-179,6-6.9,27
South Asia,55-59,Female,Smoker,Yes,160-179,>=7,30
South Asia,55-59,Male,Non-smoker,No,140-159,<4,6
South Asia,55-59,Male,Non-smoker,No,140-159,4-4.9,7
South Asia,55-59,Male,Non-smoker,No,140-159,5-5.9,8
South Asia,55-59,Male,Non-smoker,No,140-159,6-6.9,9
South Asia,55-59,Male,Non-smoker,No,140-159,>=7,11
South Asia,55-59,Male,Smoker,No,140-159,<4,10
South Asia,55-59,Male,Smoker,No,140-159,4-4.9,11
South Asia,55-59,Male,Smoker,No,140-159,5-5.9,13
South Asia,55-59,Male,Smoker,No,140-159,6-6.9,15
South Asia,55-59,Male,Smoker,No,140-159,>=7,18
South Asia,55-59,Female,Non-smoker,No,140-159,<4,5
South Asia,55-59,Female,Non-smoker,No,140-159,4-4.9,6
South Asia,55-59,Female,Non-smoker,No,140-159,5-5.9,6
South Asia,55-59,Female,Non-smoker,No,140-159,6-6.9,7
South Asia,55-59,Female,Non-smoker,No,140-159,>=7,7
South Asia,55-59,Female,Smoker,No,140-159,<4,9
South Asia,55-59,Female,Smoker,No,140-159,4-4.9,10
South Asia,55-59,Female,Smoker,No,140-159,5-5.9,11
South Asia,55-59,Female,Smoker,No,140-159,6-6.9,12
South Asia,55-59,Female,Smoker,No,140-159,>=7,13
South Asia,55-59,Male,Non-smoker,Yes,140-159,<4,10
South Asia,55-59,Male,Non-smoker,Yes,140-159,4-4.9,12
South Asia,55-59,Male,Non-smoker,Yes,140-159,5-5.9,14
South Asia,55-59,Male,Non-smoker,Yes,140-159,6-6.9,16
South Asia,55-59,Male,Non-smoker,Yes,140-159,>=7,19
South Asia,55-59,Male,Smoker,Yes,140-159,<4,16
South Asia,55-59,Male,Smoker,Yes,140-159,4-4.9,19
South Asia,55-59,Male,Smoker,Yes,140-159,5-5.9,21
South Asia,55-59,Male,Smoker,Yes,140-159,6-6.9,25
South Asia,55-59,Male,Smoker,Yes,140-159,>=7,29
South Asia,55-59,Female,Non-smoker,Yes,140-159,<4,10
South Asia,55-59,Female,Non-smoker,Yes,140-159,4-4.9,10
South Asia,55-59,Female,Non-smoker,Yes,140-159,5-5.9,11
South Asia,55-59,Female,Non-smoker,Yes,140-159,6-6.9,12
South Asia,55-59,Female,Non-smoker,Yes,140-159,>=7,13
South Asia,55-59,Female,Smoker,Yes,140-159,<4,17
South Asia,55-59,Female,Smoker,Yes,140-159,4-4.9,19
South Asia,55-59,Female,Smoker,Yes,140-159,5-5.9,20
South Asia,55-59,Female,Smoker,Yes,140-159,6-6.9,22
South Asia,55-59,Female,Smoker,Yes,140-159,>=7,25
South Asia,55-59,Male,Non-smoker,No,120-139,<4,5
South Asia,55-59,Male,Non-smoker,No,120-139,4-4.9,6
South Asia,55-59,Male,Non-smoker,No,120-139,5-5.9,6
South Asia,55-59,Male,Non-smoker,No,120-139,6-6.9,7
South Asia,55-59,Male,Non-smoker,No,120-139,>=7,9
South Asia,55-59,Male,Smoker,No,120-139,<4,8
South Asia,55-59,Male,Smoker,No,120-139,4-4.9,9
South Asia,55-59,Male,Smoker,No,120-139,5-5.9,10
South Asia,55-59,Male,Smoker,No,120-139,6-6.9,12
South Asia,55-59,Male,Smoker,No,120-139,>=7,14
South Asia,55-59,Female,Non-smoker,No,120-139,<4,4
South Asia,55-59,Female,Non-smoker,No,120-139,4-4.9,4
South Asia,55-59,Female,Non-smoker,No,120-139,5-5.9,5
South Asia,55-59,Female,Non-smoker,No,120-139,6-6.9,5
South Asia,55-59,Female,Non-smoker,No,120-139,>=7,6
South Asia,55-59,Female,Smoker,No,120-139,<4,7
South Asia,55-59,Female,Smoker,No,120-139,4-4.9,8
South Asia,55-59,Female,Smoker,No,120-139,5-5.9,9
South Asia,55-59,Female,Smoker,No,120-139,6-6.9,10
South Asia,55-59,Female,Smoker,No,120-139,>=7,11
South Asia,55-59,Male,Non-smoker,Yes,120-139,<4,8
South Asia,55-59,Male,Non-smoker,Yes,120-139,4-4.9,9
South Asia,55-59,Male,Non-smoker,Yes,120-139,5-5.9,11
South Asia,55-59,Male,Non-smoker,Yes,120-139,6-6.9,13
South Asia,55-59,Male,Non-smoker,Yes,120-139,>=7,15
South Asia,55-59,Male,Smoker,Yes,120-139,<4,13
South Asia,55-59,Male,Smoker,Yes,120-139,4-4.9,15
South Asia,55-59,Male,Smoker,Yes,120-139,5-5.9,17
South Asia,55-59,Male,Smoker,Yes,120-139,6-6.9,20
South Asia,55-59,Male,Smoker,Yes,120-139,>=7,23
South Asia,55-59,Female,Non-smoker,Yes,120-139,<4,8
South Asia,55-59,Female,Non-smoker,Yes,120-139,4-4.9,8
South Asia,55-59,Female,Non-smoker,Yes,120-139,5-5.9,9
South Asia,55-59,Female,Non-smoker,Yes,120-139,6-6.9,10
South Asia,55-59,Female,Non-smoker,Yes,120-139,>=7,11
South Asia,55-59,Female,Smoker,Yes,120-139,<4,14
South Asia,55-59,Female,Smoker,Yes,120-139,4-4.9,15
South Asia,55-59,Female,Smoker,Yes,120-139,5-5.9,17
South Asia,55-59,Female,Smoker,Yes,120-139,6-6.9,18
South Asia,55-59,Female,Smoker,Yes,120-139,>=7,20
South Asia,55-59,Male,Non-smoker,No,<120,<4,4
South Asia,55-59,Male,Non-smoker,No,<120,4-4.9,4
South Asia,55-59,Male,Non-smoker,No,<120,5-5.9,5
South Asia,55-59,Male,Non-smoker,No,<120,6-6.9,6
South Asia,55-59,Male,Non-smoker,No,<120,>=7,7
South Asia,55-59,Male,Smoker,No,<120,<4,6
South Asia,55-59,Male,Smoker,No,<120,4-4.9,7
South Asia,55-59,Male,Smoker,No,<120,5-5.9,8
South Asia,55-59,Male,Smoker,No,<120,6-6.9,9
South Asia,55-59,Male,Smoker,No,<120,>=7,11
South Asia,55-59,Female,Non-smoker,No,<120,<4,3
South Asia,55-59,Female,Non-smoker,No,<120,4-4.9,4
South Asia,55-59,Female,Non-smoker,No,<120,5-5.9,4
South Asia,55-59,Female,Non-smoker,No,<120,6-6.9,4
South Asia,55-59,Female,Non-smoker,No,<120,>=7,5
South Asia,55-59,Female,Smoker,No,<120,<4,6
South Asia,55-59,Female,Smoker,No,<120,4-4.9,6
South Asia,55-59,Female,Smoker,No,<120,5-5.9,7
South Asia,55-59,Female,Smoker,No,<120,6-6.9,8
South Asia,55-59,Female,Smoker,No,<120,>=7,9
South Asia,55-59,Male,Non-smoker,Yes,<120,<4,6
South Asia,55-59,Male,Non-smoker,Yes,<120,4-4.9,7
South Asia,55-59,Male,Non-smoker,Yes,<120,5-5.9,8
South Asia,55-59,Male,Non-smoker,Yes,<120,6-6.9,10
South Asia,55-59,Male,Non-smoker,Yes,<120,>=7,12
South Asia,55-59,Male,Smoker,Yes,<120,<4,10
South Asia,55-59,Male,Smoker,Yes,<120,4-4.9,12
South Asia,55-59,Male,Smoker,Yes,<120,5-5.9,13
South Asia,55-59,Male,Smoker,Yes,<120,6-6.9,16
South Asia,55-59,Male,Smoker,Yes,<120,>=7,19
South Asia,55-59,Female,Non-smoker,Yes,<120,<4,6
South Asia,55-59,Female,Non-smoker,Yes,<120,4-4.9,7
South Asia,55-59,Female,Non-smoker,Yes,<120,5-5.9,7
South Asia,55-59,Female,Non-smoker,Yes,<120,6-6.9,8
South Asia,55-59,Female,Non-smoker,Yes,<120,>=7,9
South Asia,55-59,Female,Smoker,Yes,<120,<4,11
South Asia,55-59,Female,Smoker,Yes,<120,4-4.9,12
South Asia,55-59,Female,Smoker,Yes,<120,5-5.9,13
South Asia,55-59,Female,Smoker,Yes,<120,6-6.9,15
South Asia,55-59,Female,Smoker,Yes,<120,>=7,16
South Asia,50-54,Male,Non-smoker,No,≥180,<4,8
South Asia,50-54,Male,Non-smoker,No,≥180,4-4.9,9
South Asia,50-54,Male,Non-smoker,No,≥180,5-5.9,11
South Asia,50-54,Male,Non-smoker,No,≥180,6-6.9,12
South Asia,50-54,Male,Non-smoker,No,≥180,>=7,14
South Asia,50-54,Male,Smoker,No,≥180,<4,13
South Asia,50-54,Male,Smoker,No,≥180,4-4.9,15
South Asia,50-54,Male,Smoker,No,≥180,5-5.9,17
South Asia,50-54,Male,Smoker,No,≥180,6-6.9,20
South Asia,50-54,Male,Smoker,No,≥180,>=7,24
South Asia,50-54,Female,Non-smoker,No,≥180,<4,6
South Asia,50-54,Female,Non-smoker,No,≥180,4-4.9,7
South Asia,50-54,Female,Non-smoker,No,≥180,5-5.9,7
South Asia,50-54,Female,Non-smoker,No,≥180,6-6.9,8
South Asia,50-54,Female,Non-smoker,No,≥180,>=7,9
South Asia,50-54,Female,Smoker,No,≥180,<4,12
South Asia,50-54,Female,Smoker,No,≥180,4-4.9,13
South Asia,50-54,Female,Smoker,No,≥180,5-5.9,14
South Asia,50-54,Female,Smoker,No,≥180,6-6.9,16
South Asia,50-54,Female,Smoker,No,≥180,>=7,17
South Asia,50-54,Male,Non-smoker,Yes,≥180,<4,14
South Asia,50-54,Male,Non-smoker,Yes,≥180,4-4.9,16
South Asia,50-54,Male,Non-smoker,Yes,≥180,5-5.9,18
South Asia,50-54,Male,Non-smoker,Yes,≥180,6-6.9,21
South Asia,50-54,Male,Non-smoker,Yes,≥180,>=7,25
South Asia,50-54,Male,Smoker,Yes,≥180,<4,22
South Asia,50-54,Male,Smoker,Yes,≥180,4-4.9,26
South Asia,50-54,Male,Smoker,Yes,≥180,5-5.9,30
South Asia,50-54,Male,Smoker,Yes,≥180,6-6.9,35
South Asia,50-54,Male,Smoker,Yes,≥180,>=7,40
South Asia,50-54,Female,Non-smoker,Yes,≥180,<4,12
South Asia,50-54,Female,Non-smoker,Yes,≥180,4-4.9,13
South Asia,50-54,Female,Non-smoker,Yes,≥180,5-5.9,14
South Asia,50-54,Female,Non-smoker,Yes,≥180,6-6.9,16
South Asia,50-54,Female,Non-smoker,Yes,≥180,>=7,17
South Asia,50-54,Female,Smoker,Yes,≥180,<4,23
South Asia,50-54,Female,Smoker,Yes,≥180,4-4.9,25
South Asia,50-54,Female,Smoker,Yes,≥180,5-5.9,27
South Asia,50-54,Female,Smoker,Yes,≥180,6-6.9,30
South Asia,50-54,Female,Smoker,Yes,≥180,>=7,33
South Asia,50-54,Male,Non-smoker,No,160-179,<4,6
South Asia,50-54,Male,Non-smoker,No,160-179,4-4.9,7
South Asia,50-54,Male,Non-smoker,No,160-179,5-5.9,8
South Asia,50-54,Male,Non-smoker,No,160-179,6-6.9,9
South Asia,50-54,Male,Non-smoker,No,160-179,>=7,11
South Asia,50-54,Male,Smoker,No,160-179,<4,10
South Asia,50-54,Male,Smoker,No,160-179,4-4.9,12
South Asia,50-54,Male,Smoker,No,160-179,5-5.9,14
South Asia,50-54,Male,Smoker,No,160-179,6-6.9,16
South Asia,50-54,Male,Smoker,No,160-179,>=7,19
South Asia,50-54,Female,Non-smoker,No,160-179,<4,5
South Asia,50-54,Female,Non-smoker,No,160-179,4-4.9,5
South Asia,50-54,Female,Non-smoker,No,160-179,5-5.9,6
South Asia,50-54,Female,Non-smoker,No,160-179,6-6.9,6
South Asia,50-54,Female,Non-smoker,No,160-179,>=7,7
South Asia,50-54,Female,Smoker,No,160-179,<4,9
South Asia,50-54,Female,Smoker,No,160-179,4-4.9,10
South Asia,50-54,Female,Smoker,No,160-179,5-5.9,11
South Asia,50-54,Female,Smoker,No,160-179,6-6.9,13
South Asia,50-54,Female,Smoker,No,160-179,>=7,14
South Asia,50-54,Male,Non-smoker,Yes,160-179,<4,11
South Asia,50-54,Male,Non-smoker,Yes,160-179,4-4.9,12
South Asia,50-54,Male,Non-smoker,Yes,160-179,5-5.9,14
South Asia,50-54,Male,Non-smoker,Yes,160-179,6-6.9,17
South Asia,50-54,Male,Non-smoker,Yes,160-179,>=7,20
South Asia,50-54,Male,Smoker,Yes,160-179,<4,18
South Asia,50-54,Male,Smoker,Yes,160-179,4-4.9,20
South Asia,50-54,Male,Smoker,Yes,160-179,5-5.9,24
South Asia,50-54,Male,Smoker,Yes,160-179,6-6.9,28
South Asia,50-54,Male,Smoker,Yes,160-179,>=7,32
South Asia,50-54,Female,Non-smoker,Yes,160-179,<4,10
South Asia,50-54,Female,Non-smoker,Yes,160-179,4-4.9,10
South Asia,50-54,Female,Non-smoker,Yes,160-179,5-5.9,11
South Asia,50-54,Female,Non-smoker,Yes,160-179,6-6.9,13
South Asia,50-54,Female,Non-smoker,Yes,160-179,>=7,14
South Asia,50-54,Female,Smoker,Yes,160-179,<4,18
South Asia,50-54,Female,Smoker,Yes,160-179,4-4.9,20
South Asia,50-54,Female,Smoker,Yes,160-179,5-5.9,22
South Asia,50-54,Female,Smoker,Yes,160-179,6-6.9,25
South Asia,50-54,Female,Smoker,Yes,160-179,>=7,27
South Asia,50-54,Male,Non-smoker,No,140-159,<4,5
South Asia,50-54,Male,Non-smoker,No,140-159,4-4.9,5
South Asia,50-54,Male,Non-smoker,No,140-159,5-5.9,6
South Asia,50-54,Male,Non-smoker,No,140-159,6-6.9,7
South Asia,50-54,Male,Non-smoker,No,140-159,>=7,9
South Asia,50-54,Male,Smoker,No,140-159,<4,8
South Asia,50-54,Male,Smoker,No,140-159,4-4.9,9
South Asia,50-54,Male,Smoker,No,140-159,5-5.9,10
South Asia,50-54,Male,Smoker,No,140-159,6-6.9,12
South Asia,50-54,Male,Smoker,No,140-159,>=7,15
South Asia,50-54,Female,Non-smoker,No,140-159,<4,4
South Asia,50-54,Female,Non-smoker,No,140-159,4-4.9,4
South Asia,50-54,Female,Non-smoker,No,140-159,5-5.9,5
South Asia,50-54,Female,Non-smoker,No,140-159,6-6.9,5
South Asia,50-54,Female,Non-smoker,No,140-159,>=7,5
South Asia,50-54,Female,Smoker,No,140-159,<4,7
South Asia,50-54,Female,Smoker,No,140-159,4-4.9,8
South Asia,50-54,Female,Smoker,No,140-159,5-5.9,9
South Asia,50-54,Female,Smoker,No,140-159,6-6.9,10
South Asia,50-54,Female,Smoker,No,140-159,>=7,11
South Asia,50-54,Male,Non-smoker,Yes,140-159,<4,8
South Asia,50-54,Male,Non-smoker,Yes,140-159,4-4.9,10
South Asia,50-54,Male,Non-smoker,Yes,140-159,5-5.9,11
South Asia,50-54,Male,Non-smoker,Yes,140-159,6-6.9,13
South Asia,50-54,Male,Non-smoker,Yes,140-159,>=7,15
South Asia,50-54,Male,Smoker,Yes,140-159,<4,14
South Asia,50-54,Male,Smoker,Yes,140-159,4-4.9,16
South Asia,50-54,Male,Smoker,Yes,140-159,5-5.9,18
South Asia,50-54,Male,Smoker,Yes,140-159,6-6.9,22
South Asia,50-54,Male,Smoker,Yes,140-159,>=7,26
South Asia,50-54,Female,Non-smoker,Yes,140-159,<4,7
South Asia,50-54,Female,Non-smoker,Yes,140-159,4-4.9,8
South Asia,50-54,Female,Non-smoker,Yes,140-159,5-5.9,9
South Asia,50-54,Female,Non-smoker,Yes,140-159,6-6.9,10
South Asia,50-54,Female,Non-smoker,Yes,140-159,>=7,11
South Asia,50-54,Female,Smoker,Yes,140-159,<4,15
South Asia,50-54,Female,Smoker,Yes,140-159,4-4.9,16
South Asia,50-54,Female,Smoker,Yes,140-159,5-5.9,18
South Asia,50-54,Female,Smoker,Yes,140-159,6-6.9,20
South Asia,50-54,Female,Smoker,Yes,140-159,>=7,22
South Asia,50-54,Male,Non-smoker,No,120-139,<4,4
South Asia,50-54,Male,Non-smoker,No,120-139,4-4.9,4
South Asia,50-54,Male,Non-smoker,No,120-139,5-5.9,5
South Asia,50-54,Male,Non-smoker,No,120-139,6-6.9,6
South Asia,50-54,Male,Non-smoker,No,120-139,>=7,7
South Asia,50-54,Male,Smoker,No,120-139,<4,6
South Asia,50-54,Male,Smoker,No,120-139,4-4.9,7
South Asia,50-54,Male,Smoker,No,120-139,5-5.9,8
South Asia,50-54,Male,Smoker,No,120-139,6-6.9,9
South Asia,50-54,Male,Smoker,No,120-139,>=7,11
South Asia,50-54,Female,Non-smoker,No,120-139,<4,3
South Asia,50-54,Female,Non-smoker,No,120-139,4-4.9,3
South Asia,50-54,Female,Non-smoker,No,120-139,5-5.9,4
South Asia,50-54,Female,Non-smoker,No,120-139,6-6.9,4
South Asia,50-54,Female,Non-smoker,No,120-139,>=7,4
South Asia,50-54,Female,Smoker,No,120-139,<4,6
South Asia,50-54,Female,Smoker,No,120-139,4-4.9,6
South Asia,50-54,Female,Smoker,No,120-139,5-5.9,7
South Asia,50-54,Female,Smoker,No,120-139,6-6.9,8
South Asia,50-54,Female,Smoker,No,120-139,>=7,9
South Asia,50-54,Male,Non-smoker,Yes,120-139,<4,6
South Asia,50-54,Male,Non-smoker,Yes,120-139,4-4.9,7
South Asia,50-54,Male,Non-smoker,Yes,120-139,5-5.9,9
South Asia,50-54,Male,Non-smoker,Yes,120-139,6-6.9,10
South Asia,50-54,Male,Non-smoker,Yes,120-139,>=7,12
South Asia,50-54,Male,Smoker,Yes,120-139,<4,11
South Asia,50-54,Male,Smoker,Yes,120-139,4-4.9,12
South Asia,50-54,Male,Smoker,Yes,120-139,5-5.9,14
South Asia,50-54,Male,Smoker,Yes,120-139,6-6.9,17
South Asia,50-54,Male,Smoker,Yes,120-139,>=7,20
South Asia,50-54,Female,Non-smoker,Yes,120-139,<4,6
South Asia,50-54,Female,Non-smoker,Yes,120-139,4-4.9,6
South Asia,50-54,Female,Non-smoker,Yes,120-139,5-5.9,7
South Asia,50-54,Female,Non-smoker,Yes,120-139,6-6.9,8
South Asia,50-54,Female,Non-smoker,Yes,120-139,>=7,9
South Asia,50-54,Female,Smoker,Yes,120-139,<4,12
South Asia,50-54,Female,Smoker,Yes,120-139,4-4.9,13
South Asia,50-54,Female,Smoker,Yes,120-139,5-5.9,14
South Asia,50-54,Female,Smoker,Yes,120-139,6-6.9,16
South Asia,50-54,Female,Smoker,Yes,120-139,>=7,18
South Asia,50-54,Male,Non-smoker,No,<120,<4,3
South Asia,50-54,Male,Non-smoker,No,<120,4-4.9,3
South Asia,50-54,Male,Non-smoker,No,<120,5-5.9,4
South Asia,50-54,Male,Non-smoker,No,<120,6-6.9,4
South Asia,50-54,Male,Non-smoker,No,<120,>=7,5
South Asia,50-54,Male,Smoker,No,<120,<4,5
South Asia,50-54,Male,Smoker,No,<120,4-4.9,5
South Asia,50-54,Male,Smoker,No,<120,5-5.9,6
South Asia,50-54,Male,Smoker,No,<120,6-6.9,7
South Asia,50-54,Male,Smoker,No,<120,>=7,9
South Asia,50-54,Female,Non-smoker,No,<120,<4,2
South Asia,50-54,Female,Non-smoker,No,<120,4-4.9,3
South Asia,50-54,Female,Non-smoker,No,<120,5-5.9,3
South Asia,50-54,Female,Non-smoker,No,<120,6-6.9,3
South Asia,50-54,Female,Non-smoker,No,<120,>=7,3
South Asia,50-54,Female,Smoker,No,<120,<4,5
South Asia,50-54,Female,Smoker,No,<120,4-4.9,5
South Asia,50-54,Female,Smoker,No,<120,5-5.9,6
South Asia,50-54,Female,Smoker,No,<120,6-6.9,6
South Asia,50-54,Female,Smoker,No,<120,>=7,7
South Asia,50-54,Male,Non-smoker,Yes,<120,<4,5
South Asia,50-54,Male,Non-smoker,Yes,<120,4-4.9,6
South Asia,50-54,Male,Non-smoker,Yes,<120,5-5.9,7
South Asia,50-54,Male,Non-smoker,Yes,<120,6-6.9,8
South Asia,50-54,Male,Non-smoker,Yes,<120,>=7,9
South Asia,50-54,Male,Smoker,Yes,<120,<4,8
South Asia,50-54,Male,Smoker,Yes,<120,4-4.9,9
South Asia,50-54,Male,Smoker,Yes,<120,5-5.9,11
South Asia,50-54,Male,Smoker,Yes,<120,6-6.9,13
South Asia,50-54,Male,Smoker,Yes,<120,>=7,16
South Asia,50-54,Female,Non-smoker,Yes,<120,<4,5
South Asia,50-54,Female,Non-smoker,Yes,<120,4-4.9,5
South Asia,50-54,Female,Non-smoker,Yes,<120,5-5.9,6
South Asia,50-54,Female,Non-smoker,Yes,<120,6-6.9,6
South Asia,50-54,Female,Non-smoker,Yes,<120,>=7,7
South Asia,50-54,Female,Smoker,Yes,<120,<4,9
South Asia,50-54,Female,Smoker,Yes,<120,4-4.9,10
South Asia,50-54,Female,Smoker,Yes,<120,5-5.9,11
South Asia,50-54,Female,Smoker,Yes,<120,6-6.9,13
South Asia,50-54,Female,Smoker,Yes,<120,>=7,14
South Asia,45-49,Male,Non-smoker,No,≥180,<4,6
South Asia,45-49,Male,Non-smoker,No,≥180,4-4.9,7
South Asia,45-49,Male,Non-smoker,No,≥180,5-5.9,8
South Asia,45-49,Male,Non-smoker,No,≥180,6-6.9,10
South Asia,45-49,Male,Non-smoker,No,≥180,>=7,11
South Asia,45-49,Male,Smoker,No,≥180,<4,11
South Asia,45-49,Male,Smoker,No,≥180,4-4.9,13
South Asia,45-49,Male,Smoker,No,≥180,5-5.9,15
South Asia,45-49,Male,Smoker,No,≥180,6-6.9,17
South Asia,45-49,Male,Smoker,No,≥180,>=7,21
South Asia,45-49,Female,Non-smoker,No,≥180,<4,5
South Asia,45-49,Female,Non-smoker,No,≥180,4-4.9,5
South Asia,45-49,Female,Non-smoker,No,≥180,5-5.9,6
South Asia,45-49,Female,Non-smoker,No,≥180,6-6.9,6
South Asia,45-49,Female,Non-smoker,No,≥180,>=7,7
South Asia,45-49,Female,Smoker,No,≥180,<4,10
South Asia,45-49,Female,Smoker,No,≥180,4-4.9,11
South Asia,45-49,Female,Smoker,No,≥180,5-5.9,12
South Asia,45-49,Female,Smoker,No,≥180,6-6.9,13
South Asia,45-49,Female,Smoker,No,≥180,>=7,15
South Asia,45-49,Male,Non-smoker,Yes,≥180,<4,12
South Asia,45-49,Male,Non-smoker,Yes,≥180,4-4.9,13
South Asia,45-49,Male,Non-smoker,Yes,≥180,5-5.9,15
South Asia,45-49,Male,Non-smoker,Yes,≥180,6-6.9,18
South Asia,45-49,Male,Non-smoker,Yes,≥180,>=7,21
South Asia,45-49,Male,Smoker,Yes,≥180,<4,20
South Asia,45-49,Male,Smoker,Yes,≥180,4-4.9,23
South Asia,45-49,Male,Smoker,Yes,≥180,5-5.9,27
South Asia,45-49,Male,Smoker,Yes,≥180,6-6.9,31
South Asia,45-49,Male,Smoker,Yes,≥180,>=7,37
South Asia,45-49,Female,Non-smoker,Yes,≥180,<4,10
South Asia,45-49,Female,Non-smoker,Yes,≥180,4-4.9,11
South Asia,45-49,Female,Non-smoker,Yes,≥180,5-5.9,12
South Asia,45-49,Female,Non-smoker,Yes,≥180,6-6.9,13
South Asia,45-49,Female,Non-smoker,Yes,≥180,>=7,15
South Asia,45-49,Female,Smoker,Yes,≥180,<4,20
South Asia,45-49,Female,Smoker,Yes,≥180,4-4.9,22
South Asia,45-49,Female,Smoker,Yes,≥180,5-5.9,25
South Asia,45-49,Female,Smoker,Yes,≥180,6-6.9,28
South Asia,45-49,Female,Smoker,Yes,≥180,>=7,31
South Asia,45-49,Male,Non-smoker,No,160-179,<4,5
South Asia,45-49,Male,Non-smoker,No,160-179,4-4.9,5
South Asia,45-49,Male,Non-smoker,No,160-179,5-5.9,6
South Asia,45-49,Male,Non-smoker,No,160-179,6-6.9,7
South Asia,45-49,Male,Non-smoker,No,160-179,>=7,9
South Asia,45-49,Male,Smoker,No,160-179,<4,8
South Asia,45-49,Male,Smoker,No,160-179,4-4.9,9
South Asia,45-49,Male,Smoker,No,160-179,5-5.9,11
South Asia,45-49,Male,Smoker,No,160-179,6-6.9,13
South Asia,45-49,Male,Smoker,No,160-179,>=7,16
South Asia,45-49,Female,Non-smoker,No,160-179,<4,4
South Asia,45-49,Female,Non-smoker,No,160-179,4-4.9,4
South Asia,45-49,Female,Non-smoker,No,160-179,5-5.9,4
South Asia,45-49,Female,Non-smoker,No,160-179,6-6.9,5
South Asia,45-49,Female,Non-smoker,No,160-179,>=7,5
South Asia,45-49,Female,Smoker,No,160-179,<4,8
South Asia,45-49,Female,Smoker,No,160-179,4-4.9,8
South Asia,45-49,Female,Smoker,No,160-179,5-5.9,9
South Asia,45-49,Female,Smoker,No,160-179,6-6.9,10
South Asia,45-49,Female,Smoker,No,160-179,>=7,12
South Asia,45-49,Male,Non-smoker,Yes,160-179,<4,9
South Asia,45-49,Male,Non-smoker,Yes,160-179,4-4.9,10
South Asia,45-49,Male,Non-smoker,Yes,160-179,5-5.9,12
South Asia,45-49,Male,Non-smoker,Yes,160-179,6-6.9,14
South Asia,45-49,Male,Non-smoker,Yes,160-179,>=7,16
South Asia,45-49,Male,Smoker,Yes,160-179,<4,15
South Asia,45-49,Male,Smoker,Yes,160-179,4-4.9,18
South Asia,45-49,Male,Smoker,Yes,160-179,5-5.9,21
South Asia,45-49,Male,Smoker,Yes,160-179,6-6.9,25
South Asia,45-49,Male,Smoker,Yes,160-179,>=7,29
South Asia,45-49,Female,Non-smoker,Yes,160-179,<4,8
South Asia,45-49,Female,Non-smoker,Yes,160-179,4-4.9,8
South Asia,45-49,Female,Non-smoker,Yes,160-179,5-5.9,9
South Asia,45-49,Female,Non-smoker,Yes,160-179,6-6.9,10
South Asia,45-49,Female,Non-smoker,Yes,160-179,>=7,12
South Asia,45-49,Female,Smoker,Yes,160-179,<4,16
South Asia,45-49,Female,Smoker,Yes,160-179,4-4.9,18
South Asia,45-49,Female,Smoker,Yes,160-179,5-5.9,20
South Asia,45-49,Female,Smoker,Yes,160-179,6-6.9,22
South Asia,45-49,Female,Smoker,Yes,160-179,>=7,25
South Asia,45-49,Male,Non-smoker,No,140-159,<4,4
South Asia,45-49,Male,Non-smoker,No,140-159,4-4.9,4
South Asia,45-49,Male,Non-smoker,No,140-159,5-5.9,5
South Asia,45-49,Male,Non-smoker,No,140-159,6-6.9,6
South Asia,45-49,Male,Non-smoker,No,140-159,>=7,7
South Asia,45-49,Male,Smoker,No,140-159,<4,6
South Asia,45-49,Male,Smoker,No,140-159,4-4.9,7
South Asia,45-49,Male,Smoker,No,140-159,5-5.9,8
South Asia,45-49,Male,Smoker,No,140-159,6-6.9,10
South Asia,45-49,Male,Smoker,No,140-159,>=7,12
South Asia,45-49,Female,Non-smoker,No,140-159,<4,3
South Asia,45-49,Female,Non-smoker,No,140-159,4-4.9,3
South Asia,45-49,Female,Non-smoker,No,140-159,5-5.9,3
South Asia,45-49,Female,Non-smoker,No,140-159,6-6.9,4
South Asia,45-49,Female,Non-smoker,No,140-159,>=7,4
South Asia,45-49,Female,Smoker,No,140-159,<4,6
South Asia,45-49,Female,Smoker,No,140-159,4-4.9,7
South Asia,45-49,Female,Smoker,No,140-159,5-5.9,7
South Asia,45-49,Female,Smoker,No,140-159,6-6.9,8
South Asia,45-49,Female,Smoker,No,140-159,>=7,9
South Asia,45-49,Male,Non-smoker,Yes,140-159,<4,7
South Asia,45-49,Male,Non-smoker,Yes,140-159,4-4.9,8
South Asia,45-49,Male,Non-smoker,Yes,140-159,5-5.9,9
South Asia,45-49,Male,Non-smoker,Yes,140-159,6-6.9,11
South Asia,45-49,Male,Non-smoker,Yes,140-159,>=7,13
South Asia,45-49,Male,Smoker,Yes,140-159,<4,12
South Asia,45-49,Male,Smoker,Yes,140-159,4-4.9,13
South Asia,45-49,Male,Smoker,Yes,140-159,5-5.9,16
South Asia,45-49,Male,Smoker,Yes,140-159,6-6.9,19
South Asia,45-49,Male,Smoker,Yes,140-159,>=7,23
South Asia,45-49,Female,Non-smoker,Yes,140-159,<4,6
South Asia,45-49,Female,Non-smoker,Yes,140-159,4-4.9,6
South Asia,45-49,Female,Non-smoker,Yes,140-159,5-5.9,7
South Asia,45-49,Female,Non-smoker,Yes,140-159,6-6.9,8
South Asia,45-49,Female,Non-smoker,Yes,140-159,>=7,9
South Asia,45-49,Female,Smoker,Yes,140-159,<4,12
South Asia,45-49,Female,Smoker,Yes,140-159,4-4.9,14
South Asia,45-49,Female,Smoker,Yes,140-159,5-5.9,16
South Asia,45-49,Female,Smoker,Yes,140-159,6-6.9,18
South Asia,45-49,Female,Smoker,Yes,140-159,>=7,20
South Asia,45-49,Male,Non-smoker,No,120-139,<4,3
South Asia,45-49,Male,Non-smoker,No,120-139,4-4.9,3
South Asia,45-49,Male,Non-smoker,No,120-139,5-5.9,4
South Asia,45-49,Male,Non-smoker,No,120-139,6-6.9,4
South Asia,45-49,Male,Non-smoker,No,120-139,>=7,5
South Asia,45-49,Male,Smoker,No,120-139,<4,5
South Asia,45-49,Male,Smoker,No,120-139,4-4.9,5
South Asia,45-49,Male,Smoker,No,120-139,5-5.9,6
South Asia,45-49,Male,Smoker,No,120-139,6-6.9,8
South Asia,45-49,Male,Smoker,No,120-139,>=7,9
South Asia,45-49,Female,Non-smoker,No,120-139,<4,2
South Asia,45-49,Female,Non-smoker,No,120-139,4-4.9,2
South Asia,45-49,Female,Non-smoker,No,120-139,5-5.9,3
South Asia,45-49,Female,Non-smoker,No,120-139,6-6.9,3
South Asia,45-49,Female,Non-smoker,No,120-139,>=7,3
South Asia,45-49,Female,Smoker,No,120-139,<4,5
South Asia,45-49,Female,Smoker,No,120-139,4-4.9,5
South Asia,45-49,Female,Smoker,No,120-139,5-5.9,6
South Asia,45-49,Female,Smoker,No,120-139,6-6.9,6
South Asia,45-49,Female,Smoker,No,120-139,>=7,7
South Asia,45-49,Male,Non-smoker,Yes,120-139,<4,5
South Asia,45-49,Male,Non-smoker,Yes,120-139,4-4.9,6
South Asia,45-49,Male,Non-smoker,Yes,120-139,5-5.9,7
South Asia,45-49,Male,Non-smoker,Yes,120-139,6-6.9,8
South Asia,45-49,Male,Non-smoker,Yes,120-139,>=7,10
South Asia,45-49,Male,Smoker,Yes,120-139,<4,9
South Asia,45-49,Male,Smoker,Yes,120-139,4-4.9,10
South Asia,45-49,Male,Smoker,Yes,120-139,5-5.9,12
South Asia,45-49,Male,Smoker,Yes,120-139,6-6.9,15
South Asia,45-49,Male,Smoker,Yes,120-139,>=7,18
South Asia,45-49,Female,Non-smoker,Yes,120-139,<4,4
South Asia,45-49,Female,Non-smoker,Yes,120-139,4-4.9,5
South Asia,45-49,Female,Non-smoker,Yes,120-139,5-5.9,6
South Asia,45-49,Female,Non-smoker,Yes,120-139,6-6.9,6
South Asia,45-49,Female,Non-smoker,Yes,120-139,>=7,7
South Asia,45-49,Female,Smoker,Yes,120-139,<4,10
South Asia,45-49,Female,Smoker,Yes,120-139,4-4.9,11
South Asia,45-49,Female,Smoker,Yes,120-139,5-5.9,12
South Asia,45-49,Female,Smoker,Yes,120-139,6-6.9,14
South Asia,45-49,Female,Smoker,Yes,120-139,>=7,16
South Asia,45-49,Male,Non-smoker,No,<120,<4,2
South Asia,45-49,Male,Non-smoker,No,<120,4-4.9,2
South Asia,45-49,Male,Non-smoker,No,<120,5-5.9,3
South Asia,45-49,Male,Non-smoker,No,<120,6-6.9,3
South Asia,45-49,Male,Non-smoker,No,<120,>=7,4
South Asia,45-49,Male,Smoker,No,<120,<4,3
South Asia,45-49,Male,Smoker,No,<120,4-4.9,4
South Asia,45-49,Male,Smoker,No,<120,5-5.9,5
South Asia,45-49,Male,Smoker,No,<120,6-6.9,6
South Asia,45-49,Male,Smoker,No,<120,>=7,7
South Asia,45-49,Female,Non-smoker,No,<120,<4,2
South Asia,45-49,Female,Non-smoker,No,<120,4-4.9,2
South Asia,45-49,Female,Non-smoker,No,<120,5-5.9,2
South Asia,45-49,Female,Non-smoker,No,<120,6-6.9,2
South Asia,45-49,Female,Non-smoker,No,<120,>=7,2
South Asia,45-49,Female,Smoker,No,<120,<4,3
South Asia,45-49,Female,Smoker,No,<120,4-4.9,4
South Asia,45-49,Female,Smoker,No,<120,5-5.9,4
South Asia,45-49,Female,Smoker,No,<120,6-6.9,5
South Asia,45-49,Female,Smoker,No,<120,>=7,6
South Asia,45-49,Male,Non-smoker,Yes,<120,<4,4
South Asia,45-49,Male,Non-smoker,Yes,<120,4-4.9,4
South Asia,45-49,Male,Non-smoker,Yes,<120,5-5.9,5
South Asia,45-49,Male,Non-smoker,Yes,<120,6-6.9,6
South Asia,45-49,Male,Non-smoker,Yes,<120,>=7,7
South Asia,45-49,Male,Smoker,Yes,<120,<4,7
South Asia,45-49,Male,Smoker,Yes,<120,4-4.9,8
South Asia,45-49,Male,Smoker,Yes,<120,5-5.9,9
South Asia,45-49,Male,Smoker,Yes,<120,6-6.9,11
South Asia,45-49,Male,Smoker,Yes,<120,>=7,14
South Asia,45-49,Female,Non-smoker,Yes,<120,<4,3
South Asia,45-49,Female,Non-smoker,Yes,<120,4-4.9,4
South Asia,45-49,Female,Non-smoker,Yes,<120,5-5.9,4
South Asia,45-49,Female,Non-smoker,Yes,<120,6-6.9,5
South Asia,45-49,Female,Non-smoker,Yes,<120,>=7,5
South Asia,45-49,Female,Smoker,Yes,<120,<4,8
South Asia,45-49,Female,Smoker,Yes,<120,4-4.9,8
South Asia,45-49,Female,Smoker,Yes,<120,5-5.9,10
South Asia,45-49,Female,Smoker,Yes,<120,6-6.9,11
South Asia,45-49,Female,Smoker,Yes,<120,>=7,12
South Asia,40-44,Male,Non-smoker,No,≥180,<4,5
South Asia,40-44,Male,Non-smoker,No,≥180,4-4.9,6
South Asia,40-44,Male,Non-smoker,No,≥180,5-5.9,7
South Asia,40-44,Male,Non-smoker,No,≥180,6-6.9,8
South Asia,40-44,Male,Non-smoker,No,≥180,>=7,9
South Asia,40-44,Male,Smoker,No,≥180,<4,9
South Asia,40-44,Male,Smoker,No,≥180,4-4.9,10
South Asia,40-44,Male,Smoker,No,≥180,5-5.9,12
South Asia,40-44,Male,Smoker,No,≥180,6-6.9,15
South Asia,40-44,Male,Smoker,No,≥180,>=7,18
South Asia,40-44,Female,Non-smoker,No,≥180,<4,4
South Asia,40-44,Female,Non-smoker,No,≥180,4-4.9,4
South Asia,40-44,Female,Non-smoker,No,≥180,5-5.9,4
South Asia,40-44,Female,Non-smoker,No,≥180,6-6.9,5
South Asia,40-44,Female,Non-smoker,No,≥180,>=7,6
South Asia,40-44,Female,Smoker,No,≥180,<4,8
South Asia,40-44,Female,Smoker,No,≥180,4-4.9,9
South Asia,40-44,Female,Smoker,No,≥180,5-5.9,10
South Asia,40-44,Female,Smoker,No,≥180,6-6.9,11
South Asia,40-44,Female,Smoker,No,≥180,>=7,13
South Asia,40-44,Male,Non-smoker,Yes,≥180,<4,10
South Asia,40-44,Male,Non-smoker,Yes,≥180,4-4.9,11
South Asia,40-44,Male,Non-smoker,Yes,≥180,5-5.9,13
South Asia,40-44,Male,Non-smoker,Yes,≥180,6-6.9,15
South Asia,40-44,Male,Non-smoker,Yes,≥180,>=7,18
South Asia,40-44,Male,Smoker,Yes,≥180,<4,17
South Asia,40-44,Male,Smoker,Yes,≥180,4-4.9,20
South Asia,40-44,Male,Smoker,Yes,≥180,5-5.9,24
South Asia,40-44,Male,Smoker,Yes,≥180,6-6.9,28
South Asia,40-44,Male,Smoker,Yes,≥180,>=7,34
South Asia,40-44,Female,Non-smoker,Yes,≥180,<4,8
South Asia,40-44,Female,Non-smoker,Yes,≥180,4-4.9,9
South Asia,40-44,Female,Non-smoker,Yes,≥180,5-5.9,10
South Asia,40-44,Female,Non-smoker,Yes,≥180,6-6.9,11
South Asia,40-44,Female,Non-smoker,Yes,≥180,>=7,13
South Asia,40-44,Female,Smoker,Yes,≥180,<4,18
South Asia,40-44,Female,Smoker,Yes,≥180,4-4.9,20
South Asia,40-44,Female,Smoker,Yes,≥180,5-5.9,23
South Asia,40-44,Female,Smoker,Yes,≥180,6-6.9,25
South Asia,40-44,Female,Smoker,Yes,≥180,>=7,29
South Asia,40-44,Male,Non-smoker,No,160-179,<4,4
South Asia,40-44,Male,Non-smoker,No,160-179,4-4.9,4
South Asia,40-44,Male,Non-smoker,No,160-179,5-5.9,5
South Asia,40-44,Male,Non-smoker,No,160-179,6-6.9,6
South Asia,40-44,Male,Non-smoker,No,160-179,>=7,7
South Asia,40-44,Male,Smoker,No,160-179,<4,7
South Asia,40-44,Male,Smoker,No,160-179,4-4.9,8
South Asia,40-44,Male,Smoker,No,160-179,5-5.9,9
South Asia,40-44,Male,Smoker,No,160-179,6-6.9,11
South Asia,40-44,Male,Smoker,No,160-179,>=7,13
South Asia,40-44,Female,Non-smoker,No,160-179,<4,3
South Asia,40-44,Female,Non-smoker,No,160-179,4-4.9,3
South Asia,40-44,Female,Non-smoker,No,160-179,5-5.9,3
South Asia,40-44,Female,Non-smoker,No,160-179,6-6.9,4
South Asia,40-44,Female,Non-smoker,No,160-179,>=7,4
South Asia,40-44,Female,Smoker,No,160-179,<4,6
South Asia,40-44,Female,Smoker,No,160-179,4-4.9,7
South Asia,40-44,Female,Smoker,No,160-179,5-5.9,8
South Asia,40-44,Female,Smoker,No,160-179,6-6.9,9
South Asia,40-44,Female,Smoker,No,160-179,>=7,10
South Asia,40-44,Male,Non-smoker,Yes,160-179,<4,7
South Asia,40-44,Male,Non-smoker,Yes,160-179,4-4.9,8
South Asia,40-44,Male,Non-smoker,Yes,160-179,5-5.9,10
South Asia,40-44,Male,Non-smoker,Yes,160-179,6-6.9,11
South Asia,40-44,Male,Non-smoker,Yes,160-179,>=7,14
South Asia,40-44,Male,Smoker,Yes,160-179,<4,13
South Asia,40-44,Male,Smoker,Yes,160-179,4-4.9,15
South Asia,40-44,Male,Smoker,Yes,160-179,5-5.9,18
South Asia,40-44,Male,Smoker,Yes,160-179,6-6.9,22
South Asia,40-44,Male,Smoker,Yes,160-179,>=7,27
South Asia,40-44,Female,Non-smoker,Yes,160-179,<4,6
South Asia,40-44,Female,Non-smoker,Yes,160-179,4-4.9,7
South Asia,40-44,Female,Non-smoker,Yes,160-179,5-5.9,8
South Asia,40-44,Female,Non-smoker,Yes,160-179,6-6.9,9
South Asia,40-44,Female,Non-smoker,Yes,160-179,>=7,10
South Asia,40-44,Female,Smoker,Yes,160-179,<4,14
South Asia,40-44,Female,Smoker,Yes,160-179,4-4.9,16
South Asia,40-44,Female,Smoker,Yes,160-179,5-5.9,18
South Asia,40-44,Female,Smoker,Yes,160-179,6-6.9,20
South Asia,40-44,Female,Smoker,Yes,160-179,>=7,23
South Asia,40-44,Male,Non-smoker,No,140-159,<4,3
South Asia,40-44,Male,Non-smoker,No,140-159,4-4.9,3
South Asia,40-44,Male,Non-smoker,No,140-159,5-5.9,4
South Asia,40-44,Male,Non-smoker,No,140-159,6-6.9,4
South Asia,40-44,Male,Non-smoker,No,140-159,>=7,5
South Asia,40-44,Male,Smoker,No,140-159,<4,5
South Asia,40-44,Male,Smoker,No,140-159,4-4.9,6
South Asia,40-44,Male,Smoker,No,140-159,5-5.9,7
South Asia,40-44,Male,Smoker,No,140-159,6-6.9,8
South Asia,40-44,Male,Smoker,No,140-159,>=7,10
South Asia,40-44,Female,Non-smoker,No,140-159,<4,2
South Asia,40-44,Female,Non-smoker,No,140-159,4-4.9,2
South Asia,40-44,Female,Non-smoker,No,140-159,5-5.9,3
South Asia,40-44,Female,Non-smoker,No,140-159,6-6.9,3
South Asia,40-44,Female,Non-smoker,No,140-159,>=7,3
South Asia,40-44,Female,Smoker,No,140-159,<4,5
South Asia,40-44,Female,Smoker,No,140-159,4-4.9,5
South Asia,40-44,Female,Smoker,No,140-159,5-5.9,6
South Asia,40-44,Female,Smoker,No,140-159,6-6.9,7
South Asia,40-44,Female,Smoker,No,140-159,>=7,8
South Asia,40-44,Male,Non-smoker,Yes,140-159,<4,5
South Asia,40-44,Male,Non-smoker,Yes,140-159,4-4.9,6
South Asia,40-44,Male,Non-smoker,Yes,140-159,5-5.9,7
South Asia,40-44,Male,Non-smoker,Yes,140-159,6-6.9,9
South Asia,40-44,Male,Non-smoker,Yes,140-159,>=7,10
South Asia,40-44,Male,Smoker,Yes,140-159,<4,10
South Asia,40-44,Male,Smoker,Yes,140-159,4-4.9,11
South Asia,40-44,Male,Smoker,Yes,140-159,5-5.9,14
South Asia,40-44,Male,Smoker,Yes,140-159,6-6.9,17
South Asia,40-44,Male,Smoker,Yes,140-159,>=7,20
South Asia,40-44,Female,Non-smoker,Yes,140-159,<4,5
South Asia,40-44,Female,Non-smoker,Yes,140-159,4-4.9,5
South Asia,40-44,Female,Non-smoker,Yes,140-159,5-5.9,6
South Asia,40-44,Female,Non-smoker,Yes,140-159,6-6.9,7
South Asia,40-44,Female,Non-smoker,Yes,140-159,>=7,7
South Asia,40-44,Female,Smoker,Yes,140-159,<4,11
South Asia,40-44,Female,Smoker,Yes,140-159,4-4.9,12
South Asia,40-44,Female,Smoker,Yes,140-159,5-5.9,14
South Asia,40-44,Female,Smoker,Yes,140-159,6-6.9,16
South Asia,40-44,Female,Smoker,Yes,140-159,>=7,18
South Asia,40-44,Male,Non-smoker,No,120-139,<4,2
South Asia,40-44,Male,Non-smoker,No,120-139,4-4.9,2
South Asia,40-44,Male,Non-smoker,No,120-139,5-5.9,3
South Asia,40-44,Male,Non-smoker,No,120-139,6-6.9,3
South Asia,40-44,Male,Non-smoker,No,120-139,>=7,4
South Asia,40-44,Male,Smoker,No,120-139,<4,4
South Asia,40-44,Male,Smoker,No,120-139,4-4.9,4
South Asia,40-44,Male,Smoker,No,120-139,5-5.9,5
South Asia,40-44,Male,Smoker,No,120-139,6-6.9,6
South Asia,40-44,Male,Smoker,No,120-139,>=7,8
South Asia,40-44,Female,Non-smoker,No,120-139,<4,2
South Asia,40-44,Female,Non-smoker,No,120-139,4-4.9,2
South Asia,40-44,Female,Non-smoker,No,120-139,5-5.9,2
South Asia,40-44,Female,Non-smoker,No,120-139,6-6.9,2
South Asia,40-44,Female,Non-smoker,No,120-139,>=7,2
South Asia,40-44,Female,Smoker,No,120-139,<4,3
South Asia,40-44,Female,Smoker,No,120-139,4-4.9,4
South Asia,40-44,Female,Smoker,No,120-139,5-5.9,4
South Asia,40-44,Female,Smoker,No,120-139,6-6.9,5
South Asia,40-44,Female,Smoker,No,120-139,>=7,6
South Asia,40-44,Male,Non-smoker,Yes,120-139,<4,4
South Asia,40-44,Male,Non-smoker,Yes,120-139,4-4.9,5
South Asia,40-44,Male,Non-smoker,Yes,120-139,5-5.9,5
South Asia,40-44,Male,Non-smoker,Yes,120-139,6-6.9,6
South Asia,40-44,Male,Non-smoker,Yes,120-139,>=7,8
South Asia,40-44,Male,Smoker,Yes,120-139,<4,7
South Asia,40-44,Male,Smoker,Yes,120-139,4-4.9,9
South Asia,40-44,Male,Smoker,Yes,120-139,5-5.9,10
South Asia,40-44,Male,Smoker,Yes,120-139,6-6.9,12
South Asia,40-44,Male,Smoker,Yes,120-139,>=7,15
South Asia,40-44,Female,Non-smoker,Yes,120-139,<4,3
South Asia,40-44,Female,Non-smoker,Yes,120-139,4-4.9,4
South Asia,40-44,Female,Non-smoker,Yes,120-139,5-5.9,4
South Asia,40-44,Female,Non-smoker,Yes,120-139,6-6.9,5
South Asia,40-44,Female,Non-smoker,Yes,120-139,>=7,6
South Asia,40-44,Female,Smoker,Yes,120-139,<4,8
South Asia,40-44,Female,Smoker,Yes,120-139,4-4.9,9
South Asia,40-44,Female,Smoker,Yes,120-139,5-5.9,11
South Asia,40-44,Female,Smoker,Yes,120-139,6-6.9,12
South Asia,40-44,Female,Smoker,Yes,120-139,>=7,14
South Asia,40-44,Male,Non-smoker,No,<120,<4,1
South Asia,40-44,Male,Non-smoker,No,<120,4-4.9,2
South Asia,40-44,Male,Non-smoker,No,<120,5-5.9,2
South Asia,40-44,Male,Non-smoker,No,<120,6-6.9,2
South Asia,40-44,Male,Non-smoker,No,<120,>=7,3
South Asia,40-44,Male,Smoker,No,<120,<4,3
South Asia,40-44,Male,Smoker,No,<120,4-4.9,3
South Asia,40-44,Male,Smoker,No,<120,5-5.9,4
South Asia,40-44,Male,Smoker,No,<120,6-6.9,5
South Asia,40-44,Male,Smoker,No,<120,>=7,6
South Asia,40-44,Female,Non-smoker,No,<120,<4,1
South Asia,40-44,Female,Non-smoker,No,<120,4-4.9,1
South Asia,40-44,Female,Non-smoker,No,<120,5-5.9,1
South Asia,40-44,Female,Non-smoker,No,<120,6-6.9,2
South Asia,40-44,Female,Non-smoker,No,<120,>=7,2
South Asia,40-44,Female,Smoker,No,<120,<4,3
South Asia,40-44,Female,Smoker,No,<120,4-4.9,3
South Asia,40-44,Female,Smoker,No,<120,5-5.9,3
South Asia,40-44,Female,Smoker,No,<120,6-6.9,4
South Asia,40-44,Female,Smoker,No,<120,>=7,5
South Asia,40-44,Male,Non-smoker,Yes,<120,<4,3
South Asia,40-44,Male,Non-smoker,Yes,<120,4-4.9,3
South Asia,40-44,Male,Non-smoker,Yes,<120,5-5.9,4
South Asia,40-44,Male,Non-smoker,Yes,<120,6-6.9,5
South Asia,40-44,Male,Non-smoker,Yes,<120,>=7,6
South Asia,40-44,Male,Smoker,Yes,<120,<4,5
South Asia,40-44,Male,Smoker,Yes,<120,4-4.9,6
South Asia,40-44,Male,Smoker,Yes,<120,5-5.9,8
South Asia,40-44,Male,Smoker,Yes,<120,6-6.9,9
South Asia,40-44,Male,Smoker,Yes,<120,>=7,12
South Asia,40-44,Female,Non-smoker,Yes,<120,<4,3
South Asia,40-44,Female,Non-smoker,Yes,<120,4-4.9,3
South Asia,40-44,Female,Non-smoker,Yes,<120,5-5.9,3
South Asia,40-44,Female,Non-smoker,Yes,<120,6-6.9,4
South Asia,40-44,Female,Non-smoker,Yes,<120,>=7,4
South Asia,40-44,Female,Smoker,Yes,<120,<4,6
South Asia,40-44,Female,Smoker,Yes,<120,4-4.9,7
South Asia,40-44,Female,Smoker,Yes,<120,5-5.9,8
South Asia,40-44,Female,Smoker,Yes,<120,6-6.9,9
South Asia,40-44,Female,Smoker,Yes,<120,>=7,11
